id_stat,icu_patients,hosp_patients
1,215,856
2,219,823
3,245,829
4,245,826
5,244,712
6,250,824
7,243,857
8,267,829
9,266,820
10,261,771
11,245,790
12,243,792
13,239,742
14,243,759
15,232,769
16,238,729
17,227,682
18,208,647
19,204,613
20,194,611
21,196,560
22,176,524
23,169,508
24,156,495
25,148,460
26,145,449
27,140,439
28,136,425
29,131,386
30,128,372
31,124,348
32,114,314
33,114,308
34,111,309
35,104,314
36,97,321
37,92,268
38,81,258
39,79,230
40,72,219
41,68,211
42,59,205
43,55,188
44,54,180
45,47,165
46,50,158
47,48,149
48,45,151
49,39,143
50,37,137
51,32,156
52,31,128
53,28,116
54,29,108
55,31,108
56,32,95
57,32,84
58,30,77
59,25,78
60,23,75
61,27,70
62,29,68
63,26,62
64,21,66
65,22,65
66,20,55
67,17,55
68,17,52
69,17,65
70,19,65
71,17,63
72,14,67
73,9,60
74,10,62
75,12,57
76,15,64
77,12,66
78,11,60
79,8,64
80,7,68
81,8,66
82,8,61
83,10,59
84,11,57
85,11,59
86,11,60
87,10,60
88,10,61
89,9,62
90,8,66
91,6,58
92,9,65
93,7,62
94,7,65
95,8,60
96,10,62
97,11,67
98,10,81
99,11,66
100,12,66
101,9,71
102,9,68
103,10,73
104,8,74
105,9,74
106,10,86
107,11,83
108,11,88
109,11,87
110,14,85
111,16,96
112,18,96
113,18,93
114,15,87
115,17,86
116,16,85
117,15,82
118,16,79
119,15,74
120,20,74
121,18,87
122,16,84
123,19,70
124,20,73
125,21,92
126,23,84
127,25,90
128,25,92
129,25,93
130,24,96
131,22,99
132,24,92
133,25,94
134,25,93
135,22,92
136,19,91
137,21,83
138,19,65
139,23,91
140,19,97
141,20,101
142,21,95
143,22,90
144,22,94
145,23,93
146,23,112
147,23,114
148,23,118
149,24,121
150,27,119
151,30,114
152,30,110
153,31,123
154,30,119
155,30,127
156,29,132
157,28,128
158,28,129
159,28,115
160,29,134
161,28,142
162,36,161
163,39,166
164,41,163
165,42,167
166,44,182
167,47,208
168,49,244
169,54,267
170,55,264
171,62,272
172,84,265
173,68,273
174,67,297
175,75,315
176,77,336
177,78,344
178,78,333
179,80,343
180,84,362
181,88,381
182,90,401
183,90,406
184,98,395
185,100,372
186,97,397
187,103,373
188,101,387
189,101,397
190,100,425
191,107,399
192,103,405
193,99,410
194,96,431
195,97,464
196,107,504
197,112,542
198,119,545
199,122,584
200,130,594
201,135,607
202,145,654
203,145,744
204,147,813
205,161,841
206,158,900
207,175,1002
208,174,1051
209,188,1142
210,203,1197
211,224,1345
212,248,1444
213,263,1540
214,265,1602
215,291,1657
216,336,1825
217,366,2065
218,383,2201
219,407,2330
220,431,2504
221,432,2574
222,459,2533
223,473,2755
224,495,3054
225,536,3183
226,546,3265
227,567,3355
228,581,3425
229,599,3579
230,612,3685
231,658,3867
232,682,3910
233,683,3931
234,687,3942
235,697,3900
236,683,3775
237,685,3863
238,704,3985
239,709,3867
240,705,3756
241,703,3702
242,688,3591
243,691,3560
244,701,3639
245,691,3791
246,674,3571
247,668,3414
248,642,3338
249,646,3231
250,632,3170
251,616,3269
252,609,3308
253,610,3244
254,585,3195
255,572,3079
256,591,3008
257,577,2867
258,594,2885
259,573,2951
260,548,2862
261,530,2690
262,495,2578
263,489,2475
264,475,2412
265,478,2393
266,487,2435
267,472,2303
268,445,2203
269,409,2045
270,431,2024
271,414,2043
272,421,2089
273,411,2116
274,395,2012
275,396,1946
276,385,1858
277,385,1858
278,363,1864
279,368,1953
280,371,2033
281,361,2022
282,373,1981
283,371,2000
284,369,1957
285,372,1874
286,379,1918
287,378,1923
288,354,1825
289,361,1725
290,337,1705
291,342,1668
292,328,1635
293,334,1673
294,332,1729
295,323,1683
296,340,1606
297,331,1586
298,323,1525
299,323,1518
300,54,266
301,79,370
302,100,497
303,131,650
304,165,844
305,228,1101
306,290,1384
307,322,1646
308,385,1883
309,474,2140
310,612,2721
311,690,3077
312,789,3650
313,867,4089
314,942,4480
315,1021,4897
316,1088,4989
317,1144,5220
318,1205,5383
319,1245,5513
320,1261,5531
321,1267,5620
322,1260,5759
323,1276,5715
324,1285,5616
325,1278,5636
326,1262,5663
327,1232,5437
328,1234,5441
329,1226,5554
330,1204,5532
331,1182,5331
332,1150,5181
333,1119,5088
334,1081,4892
335,1071,4940
336,1079,4996
337,1020,4765
338,993,4527
339,970,4355
340,934,4195
341,901,3957
342,903,3968
343,876,3976
344,797,3733
345,769,3609
346,749,3386
347,690,3109
348,684,3080
349,655,3044
350,646,3082
351,582,2868
352,542,2699
353,508,2555
354,502,2381
355,475,2222
356,477,2222
357,465,2230
358,427,2085
359,407,1966
360,380,1862
361,364,1750
362,345,1625
363,342,1614
364,345,1630
365,313,1527
366,277,1448
367,268,1388
368,259,1360
369,256,1296
370,251,1306
371,249,1304
372,223,1150
373,209,1050
374,187,939
375,173,892
376,168,823
377,164,818
378,166,821
379,172,821
380,145,739
381,137,702
382,121,647
383,111,573
384,116,576
385,115,575
386,102,527
387,99,484
388,89,479
389,88,425
390,82,395
391,85,400
392,75,393
393,67,371
394,60,344
395,52,340
396,50,308
397,53,292
398,50,295
399,42,293
400,41,281
401,40,268
402,38,256
403,36,247
404,34,237
405,36,237
406,41,244
407,37,222
408,36,203
409,35,187
410,32,168
411,29,170
412,30,170
413,27,169
414,32,178
415,32,165
416,36,160
417,32,143
418,28,132
419,27,130
420,23,138
421,27,147
422,27,150
423,28,147
424,28,145
425,30,161
426,31,168
427,36,181
428,33,172
429,41,191
430,40,203
431,41,218
432,44,210
433,47,211
434,52,222
435,49,232
436,47,263
437,42,267
438,48,253
439,56,259
440,58,271
441,54,290
442,63,265
443,61,293
444,65,278
445,69,285
446,67,281
447,69,285
448,73,312
449,77,307
450,76,301
451,74,309
452,80,312
453,82,309
454,86,337
455,91,341
456,89,335
457,83,334
458,82,303
459,84,314
460,85,310
461,87,312
462,89,320
463,85,282
464,81,260
465,82,257
466,77,252
467,72,230
468,71,233
469,74,243
470,68,226
471,60,221
472,58,209
473,52,215
474,53,215
475,53,223
476,52,235
477,59,260
478,60,250
479,65,249
480,67,254
481,68,260
482,71,293
483,72,318
484,67,315
485,74,353
486,69,371
487,78,392
488,78,421
489,77,432
490,87,490
491,94,505
492,95,550
493,104,602
494,110,620
495,120,626
496,135,654
497,140,708
498,150,716
499,157,739
500,156,773
501,163,789
502,185,819
503,186,866
504,195,937
505,189,952
506,201,1050
507,213,1110
508,214,1191
509,228,1260
510,245,1334
511,268,1473
512,281,1622
513,313,1778
514,327,1951
515,358,2099
516,384,2267
517,412,2497
518,446,2773
519,487,2978
520,525,3275
521,573,3649
522,633,4056
523,694,4408
524,756,4825
525,812,5268
526,912,5548
527,994,5924
528,1057,6187
529,1105,6439
530,1161,6502
531,1223,6824
532,1302,7233
533,1353,7461
534,1412,7411
535,1428,7290
536,1459,7224
537,1464,6895
538,1470,6955
539,1474,7221
540,1470,7058
541,1463,6879
542,1456,7010
543,1457,6762
544,1423,6505
545,1439,6518
546,1408,6580
547,1356,6240
548,1323,5930
549,1286,5651
550,1256,5418
551,1201,5017
552,1194,5025
553,1168,5076
554,1105,4783
555,1071,4570
556,1034,4376
557,997,4215
558,946,3994
559,904,3989
560,900,4014
561,854,3707
562,829,3590
563,786,3417
564,789,3348
565,753,3163
566,744,3210
567,724,3272
568,677,3136
569,662,3034
570,658,2961
571,646,2896
572,627,2770
573,617,2861
574,615,2888
575,594,2772
576,571,2707
577,562,2683
578,547,2616
579,541,2523
580,543,2538
581,546,2610
582,536,2557
583,512,2471
584,514,2447
585,511,2282
586,493,2286
587,491,2359
588,510,2440
589,498,2417
590,496,2333
591,494,2187
592,489,2081
593,481,2122
594,468,2185
595,464,2226
596,430,2130
597,404,2076
598,381,2018
599,377,1996
600,379,1927
601,371,1955
602,378,2020
603,356,1960
604,360,1937
605,346,1908
606,345,1876
607,352,1818
608,367,1892
609,369,1974
610,361,1960
611,337,1938
612,338,1941
613,338,1923
614,327,1888
615,322,1923
616,26,210
617,26,213
618,27,233
619,32,233
620,33,231
621,35,231
622,36,230
623,36,230
624,29,209
625,31,218
626,37,227
627,44,244
628,44,246
629,36,259
630,36,268
631,34,268
632,40,281
633,37,270
634,41,282
635,41,292
636,37,292
637,41,301
638,39,301
639,39,287
640,40,317
641,43,317
642,43,321
643,40,321
644,40,321
645,37,316
646,39,316
647,38,353
648,43,355
649,49,380
650,56,389
651,58,385
652,50,368
653,51,365
654,51,365
655,49,321
656,45,322
657,46,323
658,43,329
659,36,299
660,33,285
661,31,287
662,29,258
663,29,258
664,22,234
665,20,235
666,21,229
667,22,229
668,20,198
669,20,191
670,18,165
671,17,161
672,16,153
673,20,141
674,9,132
675,8,141
676,8,149
677,12,147
678,12,155
679,12,158
680,15,152
681,13,161
682,17,187
683,15,204
684,15,215
685,16,247
686,15,244
687,14,253
688,13,267
689,12,276
690,13,289
691,17,314
692,13,322
693,13,322
694,11,341
695,13,362
696,16,390
697,16,384
698,18,392
699,20,423
700,25,423
701,31,434
702,32,435
703,32,446
704,31,443
705,29,450
706,29,463
707,28,458
708,29,470
709,32,483
710,29,498
711,28,525
712,32,516
713,33,532
714,33,535
715,29,529
716,27,551
717,28,575
718,28,582
719,33,606
720,34,605
721,34,610
722,34,624
723,31,622
724,24,642
725,27,665
726,28,669
727,33,694
728,34,682
729,39,686
730,40,699
731,37,722
732,34,751
733,42,778
734,43,793
735,46,814
736,43,823
737,41,847
738,44,872
739,47,874
740,55,857
741,55,848
742,54,849
743,54,854
744,64,861
745,63,834
746,63,824
747,58,811
748,55,811
749,56,807
750,56,768
751,61,782
752,60,752
753,63,766
754,73,734
755,74,743
756,74,745
757,65,714
758,64,715
759,60,741
760,65,726
761,59,712
762,61,723
763,63,726
764,65,727
765,62,737
766,63,758
767,61,764
768,56,763
769,57,755
770,54,766
771,53,773
772,57,762
773,60,753
774,55,746
775,56,735
776,53,736
777,53,740
778,49,730
779,46,734
780,43,744
781,37,744
782,34,728
783,37,723
784,35,718
785,33,714
786,31,716
787,29,726
788,30,744
789,36,782
790,36,791
791,41,794
792,42,780
793,44,814
794,44,837
795,47,857
796,50,887
797,54,912
798,56,917
799,59,930
800,57,971
801,53,1033
802,56,1063
803,58,1131
804,59,1189
805,62,1205
806,65,1221
807,64,1307
808,67,1380
809,74,1426
810,76,1450
811,79,1484
812,74,1500
813,88,1562
814,93,1633
815,107,1732
816,112,1792
817,127,1886
818,138,1976
819,146,2036
820,149,2130
821,145,2217
822,162,2316
823,167,2376
824,165,2447
825,166,2612
826,169,2680
827,180,2841
828,210,2922
829,239,3191
830,250,3424
831,257,3563
832,271,3715
833,272,3822
834,270,4004
835,280,4176
836,276,4478
837,284,4768
838,288,4949
839,295,5166
840,293,5247
841,288,5353
842,303,5463
843,313,5629
844,344,5878
845,383,5942
846,408,6193
847,408,6350
848,399,6270
849,392,6365
850,410,6548
851,430,6655
852,436,6647
853,431,6830
854,430,6869
855,457,6783
856,493,6635
857,523,6635
858,523,6766
859,504,6744
860,516,6959
861,516,7000
862,523,6821
863,514,6839
864,544,6998
865,542,7084
866,588,7151
867,595,7224
868,590,7244
869,580,7045
870,582,6997
871,570,7034
872,567,6900
873,536,6535
874,542,6640
875,536,6624
876,523,6287
877,526,6123
878,533,5714
879,521,5671
880,512,5580
881,523,5545
882,523,5571
883,504,5511
884,474,5023
885,467,4831
886,464,4756
887,462,4747
888,458,4786
889,453,4689
890,411,4405
891,393,4286
892,379,4262
893,377,4250
894,380,4186
895,380,4190
896,380,4205
897,375,4046
898,367,3945
899,348,3681
900,343,3631
901,343,3500
902,340,3485
903,341,3485
904,329,3312
905,318,3223
906,327,3220
907,297,3045
908,284,2844
909,281,2857
910,0,4
911,0,5
912,0,5
913,0,5
914,1,7
915,2,9
916,2,9
917,2,17
918,6,22
919,14,31
920,16,42
921,24,52
922,31,68
923,35,76
924,44,103
925,64,153
926,72,176
927,82,216
928,89,260
929,125,294
930,142,329
931,157,406
932,165,482
933,174,526
934,362,993
935,397,1129
936,424,1216
937,455,1272
938,486,1351
939,505,1430
940,523,1467
941,561,1538
942,542,1629
943,561,1696
944,570,1792
945,576,1872
946,571,1936
947,560,2006
948,540,2048
949,534,2131
950,592,2182
951,516,2132
952,527,2188
953,531,2305
954,518,2369
955,513,2517
956,540,2582
957,533,2649
958,536,2676
959,516,2713
960,521,2807
961,522,2847
962,506,2903
963,495,2953
964,495,2926
965,500,2974
966,492,2969
967,491,3078
968,480,3083
969,492,3078
970,467,3070
971,455,3054
972,441,2987
973,428,3057
974,416,3056
975,418,3079
976,405,3041
977,402,2975
978,388,2899
979,382,2856
980,382,2896
981,377,2678
982,369,2654
983,354,2637
984,346,2585
985,336,2504
986,340,2448
987,348,2415
988,342,2381
989,353,2354
990,332,2292
991,319,2223
992,302,2137
993,304,2116
994,304,2099
995,305,2107
996,302,2063
997,283,1972
998,265,1891
999,261,1763
1000,260,1716
1001,253,1689
1002,248,1668
1003,251,1596
1004,249,1515
1005,234,1479
1006,226,1395
1007,202,1317
1008,202,1304
1009,192,1246
1010,182,1186
1011,166,1097
1012,160,1019
1013,160,972
1014,165,912
1015,146,891
1016,147,912
1017,142,886
1018,137,869
1019,125,846
1020,115,818
1021,109,774
1022,107,792
1023,96,756
1024,93,740
1025,88,635
1026,87,649
1027,79,632
1028,77,615
1029,72,597
1030,70,582
1031,72,556
1032,70,526
1033,73,527
1034,67,529
1035,67,514
1036,69,525
1037,71,530
1038,65,503
1039,60,491
1040,65,483
1041,68,470
1042,71,481
1043,79,488
1044,74,496
1045,78,496
1046,78,511
1047,71,484
1048,67,425
1049,64,398
1050,63,401
1051,65,412
1052,65,403
1053,74,411
1054,74,379
1055,74,366
1056,75,358
1057,74,359
1058,87,363
1059,88,341
1060,83,346
1061,60,328
1062,64,314
1063,78,311
1064,71,302
1065,69,286
1066,66,273
1067,67,268
1068,67,271
1069,67,265
1070,67,263
1071,61,245
1072,62,256
1073,63,259
1074,62,247
1075,55,238
1076,48,232
1077,44,226
1078,43,229
1079,43,236
1080,44,233
1081,50,243
1082,52,253
1083,51,243
1084,53,242
1085,56,247
1086,60,273
1087,58,268
1088,54,254
1089,54,260
1090,55,245
1091,57,246
1092,60,251
1093,59,251
1094,55,263
1095,50,270
1096,50,276
1097,48,273
1098,52,270
1099,62,281
1100,72,298
1101,78,285
1102,82,302
1103,80,313
1104,82,318
1105,85,325
1106,85,342
1107,87,380
1108,92,408
1109,99,411
1110,98,426
1111,113,456
1112,109,467
1113,111,494
1114,113,540
1115,121,572
1116,120,582
1117,126,622
1118,141,629
1119,143,653
1120,143,691
1121,146,753
1122,139,772
1123,154,821
1124,153,850
1125,159,846
1126,161,845
1127,165,854
1128,191,916
1129,188,944
1130,194,961
1131,199,996
1132,202,1027
1133,205,1010
1134,207,1019
1135,215,1078
1136,211,1063
1137,229,1075
1138,228,1080
1139,228,1123
1140,233,1123
1141,233,1140
1142,230,1157
1143,229,1163
1144,220,1168
1145,231,1177
1146,231,1182
1147,232,1222
1148,226,1220
1149,235,1305
1150,236,1333
1151,243,1370
1152,248,1391
1153,261,1377
1154,261,1383
1155,278,1463
1156,294,1556
1157,307,1623
1158,327,1671
1159,345,1727
1160,344,1795
1161,373,1780
1162,384,1840
1163,403,1945
1164,399,2009
1165,431,2027
1166,415,2048
1167,424,2077
1168,438,2059
1169,446,2148
1170,449,2218
1171,453,2243
1172,453,2324
1173,457,2350
1174,467,2422
1175,479,2438
1176,499,2545
1177,528,2638
1178,535,2720
1179,547,2724
1180,559,2793
1181,552,2830
1182,552,2903
1183,570,2957
1184,587,3093
1185,607,3121
1186,617,3145
1187,638,3139
1188,649,3149
1189,667,3140
1190,665,3335
1191,684,3499
1192,699,3549
1193,701,3556
1194,705,3506
1195,713,3542
1196,719,3506
1197,713,3616
1198,713,3726
1199,710,3725
1200,720,3694
1201,722,3714
1202,723,3734
1203,716,3771
1204,738,3747
1205,756,3776
1206,774,4180
1207,799,4187
1208,799,4187
1209,807,4202
1210,825,4249
1211,811,4263
1212,836,4457
1213,850,4651
1214,844,4592
1215,848,4554
1216,863,4527
1217,862,4525
1218,869,4683
1219,875,4879
1220,900,4868
1221,899,4848
1222,882,4787
1223,886,4706
1224,874,4614
1225,865,4645
1226,870,4683
1227,870,4612
1228,859,4490
1229,851,4395
1230,872,4344
1231,867,4204
1232,861,4165
1233,848,4215
1234,857,4087
1235,834,3975
1236,0,0
1237,0,0
1238,0,0
1239,0,0
1240,0,0
1241,0,0
1242,0,0
1243,0,0
1244,0,0
1245,0,0
1246,0,0
1247,0,0
1248,0,0
1249,0,0
1250,0,0
1251,4,24
1252,5,23
1253,6,21
1254,8,29
1255,11,34
1256,9,33
1257,10,34
1258,11,40
1259,11,54
1260,9,51
1261,12,55
1262,11,56
1263,11,55
1264,11,48
1265,13,51
1266,14,45
1267,12,51
1268,12,50
1269,12,45
1270,13,42
1271,13,39
1272,12,40
1273,12,40
1274,12,36
1275,13,40
1276,13,36
1277,12,36
1278,13,33
1279,12,36
1280,11,34
1281,10,31
1282,9,32
1283,9,33
1284,9,30
1285,7,29
1286,6,26
1287,6,27
1288,6,25
1289,6,24
1290,6,24
1291,6,23
1292,6,22
1293,5,24
1294,5,23
1295,5,19
1296,5,19
1297,5,19
1298,4,20
1299,4,22
1300,4,15
1301,3,12
1302,3,10
1303,3,9
1304,3,8
1305,3,8
1306,3,8
1307,4,7
1308,4,9
1309,4,8
1310,4,9
1311,4,9
1312,3,8
1313,3,8
1314,3,9
1315,3,8
1316,3,7
1317,3,6
1318,3,6
1319,3,6
1320,3,6
1321,3,6
1322,3,7
1323,3,7
1324,3,7
1325,2,6
1326,2,5
1327,2,5
1328,2,4
1329,2,4
1330,2,4
1331,2,4
1332,2,4
1333,2,4
1334,2,4
1335,2,5
1336,2,4
1337,1,2
1338,0,2
1339,0,1
1340,0,1
1341,0,0
1342,0,0
1343,0,0
1344,0,0
1345,0,2
1346,0,1
1347,0,1
1348,0,1
1349,0,1
1350,0,1
1351,0,1
1352,0,1
1353,0,1
1354,0,1
1355,0,1
1356,0,0
1357,0,0
1358,0,0
1359,0,0
1360,0,0
1361,0,0
1362,0,0
1363,0,0
1364,0,0
1365,0,0
1366,0,0
1367,0,0
1368,0,0
1369,0,0
1370,0,0
1371,0,0
1372,0,0
1373,0,0
1374,0,0
1375,0,0
1376,0,0
1377,0,0
1378,0,0
1379,0,6
1380,0,7
1381,0,7
1382,0,4
1383,0,4
1384,0,5
1385,0,4
1386,0,4
1387,0,4
1388,0,5
1389,0,5
1390,0,5
1391,0,5
1392,0,3
1393,0,3
1394,0,3
1395,0,3
1396,0,2
1397,0,2
1398,1,2
1399,1,2
1400,1,2
1401,1,3
1402,1,2
1403,1,3
1404,1,4
1405,1,4
1406,1,7
1407,1,5
1408,1,5
1409,1,7
1410,1,7
1411,1,8
1412,1,6
1413,1,6
1414,2,6
1415,2,7
1416,2,4
1417,2,4
1418,1,2
1419,1,4
1420,1,4
1421,1,4
1422,1,4
1423,1,4
1424,1,4
1425,1,5
1426,1,6
1427,1,6
1428,1,7
1429,1,7
1430,1,7
1431,1,6
1432,0,9
1433,0,7
1434,0,12
1435,0,12
1436,0,14
1437,0,14
1438,0,17
1439,0,15
1440,0,16
1441,1,12
1442,1,12
1443,1,11
1444,2,13
1445,2,11
1446,2,11
1447,3,9
1448,2,6
1449,2,8
1450,2,5
1451,2,5
1452,2,5
1453,2,7
1454,2,7
1455,2,8
1456,2,9
1457,2,12
1458,2,21
1459,2,19
1460,2,23
1461,2,24
1462,2,23
1463,2,26
1464,2,26
1465,2,28
1466,2,32
1467,2,31
1468,3,31
1469,4,38
1470,4,38
1471,4,34
1472,5,37
1473,5,39
1474,5,40
1475,5,42
1476,5,57
1477,5,65
1478,6,70
1479,7,69
1480,7,77
1481,7,85
1482,7,76
1483,6,73
1484,7,68
1485,8,59
1486,8,64
1487,9,73
1488,9,75
1489,10,74
1490,10,77
1491,10,81
1492,9,89
1493,9,91
1494,9,97
1495,12,110
1496,11,101
1497,15,107
1498,17,109
1499,16,108
1500,16,114
1501,15,119
1502,14,127
1503,14,131
1504,14,124
1505,14,124
1506,13,111
1507,12,119
1508,12,121
1509,13,126
1510,13,115
1511,15,116
1512,13,106
1513,12,110
1514,12,113
1515,11,120
1516,12,123
1517,13,122
1518,14,125
1519,14,115
1520,13,115
1521,13,115
1522,14,125
1523,15,127
1524,15,130
1525,16,146
1526,17,142
1527,20,148
1528,23,149
1529,25,154
1530,27,153
1531,25,154
1532,25,159
1533,27,160
1534,28,168
1535,30,180
1536,28,182
1537,30,180
1538,31,179
1539,31,187
1540,32,196
1541,34,198
1542,35,209
1543,36,208
1544,35,205
1545,38,197
1546,36,198
1547,37,202
1548,36,200
1549,37,193
1550,39,208
1551,38,199
1552,38,194
1553,37,192
1554,37,184
1555,35,179
1556,35,174
1557,35,173
1558,0,0
1559,0,0
1560,0,0
1561,0,0
1562,0,0
1563,0,0
1564,0,0
1565,0,0
1566,0,0
1567,0,0
1568,0,2
1569,0,3
1570,0,4
1571,0,4
1572,0,6
1573,2,19
1574,5,49
1575,6,50
1576,6,55
1577,15,66
1578,14,79
1579,16,97
1580,22,117
1581,26,135
1582,35,174
1583,37,205
1584,47,237
1585,56,271
1586,53,282
1587,66,294
1588,72,322
1589,74,345
1590,76,351
1591,86,375
1592,84,365
1593,81,370
1594,86,394
1595,99,412
1596,94,422
1597,96,416
1598,89,405
1599,87,405
1600,100,402
1601,93,395
1602,83,386
1603,76,371
1604,83,363
1605,80,355
1606,74,339
1607,79,345
1608,76,349
1609,78,366
1610,74,343
1611,78,336
1612,75,330
1613,71,315
1614,72,310
1615,68,310
1616,68,306
1617,62,286
1618,58,273
1619,53,244
1620,49,233
1621,49,232
1622,54,236
1623,46,223
1624,43,209
1625,41,191
1626,43,185
1627,39,173
1628,39,167
1629,42,167
1630,40,157
1631,38,146
1632,34,128
1633,34,118
1634,33,112
1635,34,110
1636,32,115
1637,31,109
1638,31,101
1639,29,101
1640,24,98
1641,22,93
1642,21,94
1643,19,91
1644,15,92
1645,15,86
1646,15,73
1647,15,71
1648,12,72
1649,12,70
1650,13,73
1651,11,75
1652,10,65
1653,9,60
1654,9,60
1655,8,59
1656,10,61
1657,9,60
1658,9,63
1659,11,66
1660,12,65
1661,11,69
1662,12,67
1663,10,68
1664,9,77
1665,8,78
1666,7,84
1667,10,83
1668,8,82
1669,9,80
1670,9,74
1671,9,75
1672,9,76
1673,13,78
1674,12,67
1675,11,64
1676,11,61
1677,13,66
1678,11,69
1679,11,71
1680,10,75
1681,11,72
1682,11,71
1683,13,70
1684,13,73
1685,10,69
1686,11,77
1687,10,85
1688,15,73
1689,15,69
1690,14,64
1691,15,65
1692,19,71
1693,17,71
1694,17,80
1695,21,76
1696,20,74
1697,19,74
1698,19,74
1699,18,71
1700,22,78
1701,21,92
1702,20,91
1703,16,94
1704,15,92
1705,14,91
1706,17,109
1707,17,114
1708,18,116
1709,20,117
1710,19,114
1711,19,116
1712,18,109
1713,16,113
1714,13,115
1715,15,110
1716,14,105
1717,16,106
1718,16,104
1719,17,107
1720,23,113
1721,23,110
1722,22,101
1723,23,106
1724,24,113
1725,26,103
1726,24,101
1727,26,113
1728,25,103
1729,24,108
1730,24,116
1731,24,119
1732,26,124
1733,24,128
1734,32,129
1735,32,131
1736,32,136
1737,32,147
1738,37,155
1739,36,153
1740,36,153
1741,36,170
1742,41,177
1743,42,179
1744,43,193
1745,48,197
1746,51,207
1747,55,218
1748,64,254
1749,56,251
1750,60,264
1751,66,271
1752,65,306
1753,62,282
1754,64,304
1755,74,338
1756,73,368
1757,79,398
1758,90,492
1759,95,524
1760,92,507
1761,105,531
1762,112,611
1763,119,636
1764,134,708
1765,154,767
1766,164,825
1767,184,797
1768,188,823
1769,197,845
1770,204,998
1771,195,1061
1772,231,1163
1773,243,1238
1774,262,1207
1775,264,1279
1776,313,1486
1777,330,1632
1778,363,1783
1779,402,1953
1780,411,2146
1781,436,2166
1782,409,2218
1783,468,2577
1784,494,2690
1785,520,2970
1786,540,3205
1787,572,3443
1788,553,3536
1789,560,3696
1790,611,4137
1791,638,4436
1792,701,4845
1793,720,5087
1794,742,5435
1795,757,5354
1796,808,5663
1797,875,6178
1798,932,6508
1799,1001,6562
1800,1033,7261
1801,1077,7633
1802,1110,7304
1803,1136,7439
1804,1182,8012
1805,1199,8098
1806,1141,8159
1807,1145,8139
1808,1163,8029
1809,1119,7406
1810,1124,7382
1811,1127,7668
1812,1081,7498
1813,1030,7250
1814,1059,7093
1815,1042,6988
1816,1021,6464
1817,1006,6309
1818,957,6531
1819,891,6090
1820,885,6463
1821,883,6229
1822,826,6000
1823,817,5356
1824,812,5318
1825,819,5674
1826,787,5502
1827,743,5294
1828,738,5136
1829,700,4925
1830,650,4458
1831,635,4518
1832,660,4813
1833,586,4648
1834,585,4541
1835,578,4497
1836,573,4455
1837,557,4093
1838,549,4140
1839,559,4483
1840,552,4391
1841,535,4448
1842,558,4537
1843,575,4519
1844,560,4290
1845,573,4398
1846,604,4757
1847,593,4734
1848,600,4699
1849,592,4749
1850,594,4768
1851,591,4468
1852,608,4563
1853,622,4943
1854,628,4919
1855,659,4943
1856,641,4291
1857,651,4368
1858,695,4631
1859,728,4949
1860,785,5704
1861,848,5945
1862,863,6105
1863,877,6119
1864,889,5628
1865,894,5933
1866,932,6254
1867,993,7181
1868,1042,7354
1869,1077,7345
1870,1114,7475
1871,1116,7275
1872,1086,6713
1873,1113,6832
1874,1159,7378
1875,1143,7425
1876,1133,7247
1877,1140,7177
1878,1143,7095
1879,1128,6464
1880,1116,6437
1881,1123,6922
1882,1095,6632
1883,1086,6438
1884,1058,6325
1885,1083,6293
1886,1055,5752
1887,1047,5798
1888,35,147
1889,32,137
1890,28,140
1891,27,133
1892,26,144
1893,25,141
1894,25,127
1895,23,122
1896,23,119
1897,19,118
1898,21,115
1899,20,116
1900,23,112
1901,22,107
1902,20,110
1903,18,106
1904,20,100
1905,20,98
1906,20,103
1907,21,99
1908,20,100
1909,17,97
1910,17,85
1911,15,75
1912,16,79
1913,15,73
1914,17,17
1915,13,13
1916,12,12
1917,9,9
1918,9,49
1919,9,46
1920,8,43
1921,6,39
1922,6,38
1923,6,37
1924,6,39
1925,6,38
1926,7,37
1927,8,32
1928,8,33
1929,9,36
1930,11,31
1931,11,29
1932,9,29
1933,6,27
1934,6,26
1935,6,24
1936,7,23
1937,5,17
1938,5,18
1939,5,18
1940,4,17
1941,5,15
1942,6,18
1943,6,18
1944,6,17
1945,6,19
1946,5,17
1947,5,20
1948,2,16
1949,3,19
1950,3,18
1951,4,18
1952,4,16
1953,3,19
1954,3,16
1955,3,17
1956,3,23
1957,3,22
1958,3,22
1959,3,21
1960,3,18
1961,3,18
1962,2,16
1963,2,20
1964,2,24
1965,3,24
1966,2,23
1967,2,24
1968,2,25
1969,2,21
1970,2,20
1971,2,23
1972,2,20
1973,1,16
1974,1,13
1975,1,14
1976,0,14
1977,0,12
1978,1,16
1979,1,18
1980,1,16
1981,1,20
1982,1,22
1983,1,22
1984,2,19
1985,3,20
1986,3,21
1987,3,19
1988,2,19
1989,2,21
1990,4,21
1991,4,21
1992,4,23
1993,4,20
1994,4,15
1995,3,17
1996,3,18
1997,3,16
1998,4,27
1999,3,29
2000,3,28
2001,5,30
2002,5,35
2003,7,44
2004,4,43
2005,4,47
2006,4,50
2007,3,56
2008,2,51
2009,3,60
2010,3,58
2011,4,62
2012,9,67
2013,12,75
2014,14,79
2015,15,78
2016,14,95
2017,16,101
2018,17,97
2019,17,95
2020,17,110
2021,15,107
2022,15,102
2023,15,109
2024,13,106
2025,17,105
2026,18,105
2027,17,120
2028,15,124
2029,15,116
2030,17,115
2031,18,106
2032,20,103
2033,19,102
2034,19,107
2035,19,103
2036,17,104
2037,17,104
2038,16,110
2039,16,110
2040,17,119
2041,18,129
2042,15,128
2043,16,122
2044,17,124
2045,18,125
2046,17,120
2047,18,127
2048,17,145
2049,19,137
2050,18,136
2051,17,139
2052,17,144
2053,19,147
2054,19,156
2055,23,174
2056,22,169
2057,24,184
2058,24,182
2059,23,191
2060,29,187
2061,30,188
2062,33,196
2063,33,211
2064,40,216
2065,44,239
2066,40,236
2067,41,243
2068,45,259
2069,44,267
2070,41,259
2071,43,248
2072,41,255
2073,39,244
2074,40,237
2075,39,254
2076,41,261
2077,40,255
2078,42,251
2079,42,244
2080,46,254
2081,42,249
2082,43,256
2083,44,259
2084,38,254
2085,36,266
2086,38,267
2087,40,293
2088,39,279
2089,42,302
2090,43,328
2091,42,354
2092,39,349
2093,40,342
2094,48,361
2095,54,371
2096,58,390
2097,61,429
2098,68,439
2099,68,493
2100,76,516
2101,79,568
2102,86,606
2103,87,661
2104,87,713
2105,83,723
2106,91,720
2107,97,724
2108,98,726
2109,96,776
2110,102,817
2111,113,872
2112,128,900
2113,136,926
2114,132,879
2115,129,885
2116,136,944
2117,136,937
2118,140,964
2119,141,942
2120,137,886
2121,134,861
2122,138,864
2123,132,833
2124,138,875
2125,138,920
2126,135,917
2127,137,859
2128,128,839
2129,129,792
2130,137,779
2131,131,799
2132,132,817
2133,132,792
2134,132,771
2135,136,745
2136,130,745
2137,125,703
2138,124,725
2139,0,1
2140,0,1
2141,0,1
2142,0,1
2143,0,1
2144,0,1
2145,0,1
2146,0,1
2147,0,1
2148,0,1
2149,0,1
2150,0,1
2151,0,1
2152,0,2
2153,0,2
2154,0,1
2155,0,2
2156,0,3
2157,0,4
2158,0,6
2159,0,10
2160,0,14
2161,0,20
2162,2,24
2163,4,25
2164,6,28
2165,7,36
2166,7,40
2167,7,47
2168,7,52
2169,10,59
2170,10,72
2171,13,88
2172,13,95
2173,15,102
2174,16,93
2175,16,97
2176,20,118
2177,17,134
2178,14,135
2179,12,132
2180,11,140
2181,9,130
2182,9,136
2183,11,143
2184,11,150
2185,9,153
2186,11,146
2187,10,144
2188,10,132
2189,11,125
2190,11,118
2191,10,123
2192,14,124
2193,14,121
2194,13,110
2195,12,110
2196,11,108
2197,10,100
2198,11,97
2199,11,96
2200,12,90
2201,13,87
2202,12,77
2203,9,72
2204,9,75
2205,9,77
2206,9,77
2207,10,69
2208,10,66
2209,8,60
2210,7,56
2211,6,48
2212,6,49
2213,6,47
2214,6,46
2215,6,45
2216,6,42
2217,6,41
2218,6,39
2219,6,41
2220,6,42
2221,7,41
2222,5,38
2223,5,37
2224,4,37
2225,4,38
2226,4,40
2227,5,40
2228,5,37
2229,1,31
2230,1,31
2231,1,33
2232,2,27
2233,2,28
2234,2,27
2235,2,22
2236,1,21
2237,1,21
2238,1,17
2239,0,14
2240,0,14
2241,0,15
2242,0,15
2243,0,16
2244,0,15
2245,0,15
2246,0,15
2247,1,15
2248,1,15
2249,1,14
2250,1,12
2251,1,13
2252,1,10
2253,1,8
2254,1,8
2255,1,6
2256,1,6
2257,1,6
2258,2,7
2259,1,5
2260,1,4
2261,1,4
2262,1,5
2263,1,4
2264,1,4
2265,1,3
2266,1,2
2267,1,3
2268,1,3
2269,1,3
2270,1,3
2271,1,3
2272,1,3
2273,2,5
2274,2,4
2275,2,4
2276,2,4
2277,2,4
2278,2,4
2279,2,4
2280,2,4
2281,2,4
2282,2,4
2283,2,4
2284,2,4
2285,2,4
2286,2,3
2287,2,3
2288,1,3
2289,1,3
2290,1,3
2291,1,3
2292,1,3
2293,1,4
2294,1,4
2295,1,4
2296,1,5
2297,1,5
2298,2,8
2299,2,9
2300,1,9
2301,1,9
2302,1,8
2303,2,8
2304,2,8
2305,2,9
2306,2,9
2307,2,8
2308,1,8
2309,1,8
2310,1,7
2311,1,6
2312,1,7
2313,1,7
2314,1,10
2315,0,10
2316,0,11
2317,0,9
2318,0,12
2319,0,11
2320,0,10
2321,0,10
2322,0,12
2323,0,9
2324,0,9
2325,0,9
2326,0,9
2327,0,8
2328,0,10
2329,0,9
2330,0,7
2331,0,7
2332,0,7
2333,0,7
2334,1,7
2335,2,9
2336,2,13
2337,2,14
2338,2,14
2339,2,16
2340,1,19
2341,2,19
2342,4,19
2343,4,22
2344,4,20
2345,5,22
2346,5,22
2347,5,32
2348,3,27
2349,3,31
2350,2,30
2351,1,30
2352,1,30
2353,1,32
2354,2,36
2355,2,35
2356,2,37
2357,2,37
2358,2,37
2359,4,41
2360,4,41
2361,5,40
2362,5,39
2363,5,45
2364,5,36
2365,5,30
2366,5,31
2367,5,32
2368,5,32
2369,3,34
2370,3,36
2371,3,37
2372,3,33
2373,3,33
2374,3,36
2375,2,30
2376,3,29
2377,3,33
2378,2,29
2379,3,28
2380,3,29
2381,4,30
2382,4,36
2383,4,33
2384,4,35
2385,4,40
2386,4,42
2387,4,43
2388,4,47
2389,4,46
2390,4,46
2391,4,56
2392,4,57
2393,6,54
2394,6,63
2395,6,66
2396,7,68
2397,9,69
2398,9,79
2399,9,84
2400,9,84
2401,10,95
2402,12,94
2403,10,99
2404,11,112
2405,14,126
2406,15,134
2407,16,157
2408,16,159
2409,17,169
2410,19,167
2411,17,177
2412,19,194
2413,21,198
2414,18,198
2415,20,205
2416,20,218
2417,22,214
2418,24,219
2419,24,225
2420,22,224
2421,23,241
2422,25,258
2423,26,271
2424,26,262
2425,25,265
2426,24,258
2427,26,279
2428,24,278
2429,27,291
2430,28,312
2431,29,323
2432,29,330
2433,33,335
2434,33,335
2435,29,338
2436,31,353
2437,32,389
2438,29,375
2439,32,388
2440,35,382
2441,37,400
2442,40,426
2443,43,431
2444,41,448
2445,44,430
2446,45,429
2447,40,407
2448,43,388
2449,41,404
2450,43,406
2451,47,431
2452,46,398
2453,47,404
2454,50,398
2455,44,408
2456,42,399
2457,42,402
2458,43,418
2459,43,414
2460,44,417
2461,44,395
2462,44,396
2463,44,389
2464,44,405
2465,45,433
2466,44,431
2467,46,410
2468,45,404
2469,46,411
2470,45,404
2471,45,420
2472,45,425
2473,0,0
2474,22,82
2475,24,96
2476,32,108
2477,31,112
2478,41,134
2479,49,143
2480,56,137
2481,62,159
2482,65,160
2483,72,180
2484,73,187
2485,76,209
2486,81,228
2487,83,231
2488,82,239
2489,82,244
2490,81,236
2491,80,235
2492,77,235
2493,74,230
2494,75,232
2495,75,226
2496,76,215
2497,73,208
2498,70,199
2499,68,192
2500,67,209
2501,63,202
2502,63,199
2503,60,206
2504,61,199
2505,60,190
2506,62,189
2507,56,187
2508,56,200
2509,51,208
2510,48,187
2511,49,185
2512,52,182
2513,49,185
2514,49,197
2515,48,195
2516,44,188
2517,44,174
2518,45,169
2519,45,161
2520,45,162
2521,44,161
2522,34,152
2523,35,157
2524,33,143
2525,32,118
2526,30,120
2527,29,118
2528,34,117
2529,25,112
2530,20,118
2531,22,110
2532,21,113
2533,21,104
2534,19,106
2535,18,104
2536,11,95
2537,11,87
2538,11,83
2539,10,74
2540,11,71
2541,10,68
2542,9,68
2543,9,62
2544,7,51
2545,7,50
2546,8,51
2547,7,39
2548,6,40
2549,6,38
2550,4,28
2551,4,28
2552,4,25
2553,3,23
2554,2,26
2555,1,26
2556,3,22
2557,2,22
2558,2,26
2559,2,21
2560,2,22
2561,1,24
2562,0,23
2563,0,24
2564,0,20
2565,1,19
2566,2,19
2567,0,6
2568,1,8
2569,0,7
2570,1,6
2571,1,6
2572,1,6
2573,0,4
2574,0,4
2575,0,5
2576,0,4
2577,0,8
2578,0,9
2579,1,6
2580,0,6
2581,0,3
2582,1,5
2583,1,7
2584,0,6
2585,0,5
2586,0,8
2587,0,11
2588,1,12
2589,1,5
2590,1,11
2591,1,10
2592,2,9
2593,1,14
2594,1,16
2595,1,6
2596,1,8
2597,3,10
2598,3,14
2599,3,16
2600,2,19
2601,4,22
2602,2,21
2603,4,22
2604,4,19
2605,4,21
2606,8,28
2607,5,31
2608,5,37
2609,10,46
2610,8,48
2611,6,56
2612,7,62
2613,7,65
2614,11,70
2615,10,74
2616,10,65
2617,10,58
2618,13,70
2619,15,65
2620,13,68
2621,13,86
2622,14,73
2623,15,73
2624,13,80
2625,12,90
2626,10,104
2627,15,120
2628,21,134
2629,19,152
2630,18,175
2631,21,165
2632,21,141
2633,30,223
2634,28,240
2635,27,233
2636,25,244
2637,26,240
2638,28,276
2639,35,284
2640,34,268
2641,27,264
2642,30,263
2643,33,281
2644,28,273
2645,26,258
2646,29,237
2647,30,221
2648,30,211
2649,27,199
2650,31,210
2651,25,188
2652,32,186
2653,29,176
2654,32,166
2655,30,158
2656,28,150
2657,29,155
2658,28,145
2659,27,148
2660,24,141
2661,27,146
2662,26,148
2663,24,136
2664,1,6
2665,1,6
2666,1,6
2667,1,6
2668,1,11
2669,1,11
2670,1,11
2671,1,11
2672,1,11
2673,1,8
2674,2,24
2675,9,86
2676,9,116
2677,699,2579
2678,771,2972
2679,1002,4073
2680,1297,5226
2681,1453,5900
2682,1674,6954
2683,2080,8673
2684,2503,10163
2685,2935,12072
2686,3351,13879
2687,3758,15701
2688,4236,17580
2689,4592,19311
2690,5056,20946
2691,5496,22672
2692,5940,24543
2693,6305,26131
2694,6556,27302
2695,6723,28003
2696,6859,28747
2697,6948,29569
2698,7004,29871
2699,7019,30217
2700,6937,30608
2701,6875,31108
2702,6752,31159
2703,6714,31665
2704,6690,31952
2705,6599,32131
2706,6331,31623
2707,6139,31172
2708,5922,31061
2709,5733,30515
2710,5644,30486
2711,5584,30462
2712,5334,29984
2713,5127,29627
2714,4967,29113
2715,4785,28554
2716,4641,28119
2717,4598,28114
2718,4526,27954
2719,4392,27607
2720,4128,26736
2721,3947,26192
2722,3819,25809
2723,3770,25751
2724,3762,25739
2725,3639,25472
2726,3375,24701
2727,3095,23912
2728,2911,23139
2729,2820,22657
2730,2764,22547
2731,2728,22502
2732,2666,22219
2733,2496,21530
2734,2385,21009
2735,2256,20401
2736,2162,19801
2737,2091,19372
2738,2047,19302
2739,1958,18956
2740,1854,18409
2741,1754,17882
2742,1708,17527
2743,1664,17327
2744,1628,17122
2745,1618,17129
2746,1572,16742
2747,1519,16209
2748,1467,15627
2749,1395,15155
2750,1328,14643
2751,1293,14329
2752,1287,14271
2753,1270,14237
2754,1221,13978
2755,1179,13465
2756,1133,13054
2757,1065,12650
2758,1030,12433
2759,1024,12415
2760,995,12269
2761,926,11915
2762,904,11632
2763,875,11420
2764,851,11079
2765,843,10864
2766,841,10836
2767,818,10707
2768,792,10490
2769,744,10222
2770,724,10080
2771,699,9925
2772,687,9792
2773,687,9778
2774,673,9648
2775,654,9446
2776,630,9254
2777,623,9096
2778,606,8841
2779,594,8715
2780,594,8727
2781,591,8643
2782,574,8491
2783,554,8291
2784,545,8103
2785,533,7946
2786,517,7863
2787,521,7863
2788,521,7806
2789,511,7550
2790,503,7254
2791,486,7134
2792,471,7020
2793,470,6995
2794,473,6991
2795,467,6941
2796,465,6907
2797,457,6873
2798,456,6754
2799,452,6646
2800,450,6614
2801,448,6583
2802,442,6547
2803,430,6440
2804,420,6324
2805,411,5915
2806,385,5678
2807,368,5634
2808,367,5640
2809,374,5614
2810,361,5510
2811,356,5409
2812,357,5334
2813,347,5257
2814,344,5177
2815,345,5188
2816,360,5157
2817,364,5121
2818,360,5107
2819,366,5019
2820,359,4970
2821,366,4981
2822,368,4992
2823,372,5004
2824,367,4971
2825,355,4850
2826,351,4824
2827,344,4788
2828,353,4817
2829,353,4820
2830,361,4885
2831,357,4783
2832,362,4781
2833,368,4723
2834,367,4720
2835,368,4685
2836,371,4683
2837,387,4664
2838,401,4578
2839,373,4535
2840,375,4517
2841,381,4517
2842,394,4512
2843,396,4517
2844,403,4564
2845,418,4586
2846,440,4614
2847,458,4625
2848,467,4653
2849,476,4667
2850,480,4697
2851,531,4889
2852,568,4942
2853,593,4985
2854,608,5077
2855,628,5136
2856,655,5176
2857,662,5228
2858,705,5479
2859,752,5660
2860,796,5800
2861,793,5825
2862,820,5800
2863,827,5493
2864,834,5356
2865,912,5597
2866,944,5777
2867,995,5913
2868,1041,6012
2869,1092,6110
2870,1105,6154
2871,1112,6235
2872,1158,6397
2873,1198,6482
2874,1232,6572
2875,1259,6634
2876,1270,6740
2877,1289,6740
2878,1335,6964
2879,1409,7276
2880,1417,7377
2881,1406,7514
2882,1418,7603
2883,1439,7843
2884,1456,7976
2885,1483,8231
2886,1539,8671
2887,1633,8928
2888,1664,9173
2889,1741,9584
2890,1791,10021
2891,1868,10399
2892,1939,10897
2893,2090,11640
2894,2168,12435
2895,2239,13162
2896,2310,14009
2897,2432,14985
2898,2491,15637
2899,2575,16454
2900,2761,17761
2901,2909,18955
2902,3036,20184
2903,3147,21160
2904,3368,22153
2905,3443,23013
2906,3569,24008
2907,3721,25120
2908,3869,26242
2909,4080,27511
2910,4221,28403
2911,4321,28955
2912,4410,29396
2913,4527,30217
2914,4677,31098
2915,4736,31477
2916,4789,31918
2917,4884,32654
2918,4887,32676
2919,4855,32468
2920,4880,33050
2921,4903,33466
2922,4838,33139
2923,4759,32811
2924,4637,32314
2925,4566,31875
2926,4493,31365
2927,4491,31522
2928,4438,31449
2929,4277,30594
2930,4136,29944
2931,4006,29282
2932,3871,28620
2933,3765,28139
2934,3744,28284
2935,3739,28229
2936,3594,27611
2937,3478,26986
2938,3415,26675
2939,3283,26283
2940,3220,26040
2941,3210,26262
2942,3188,26333
2943,3078,25882
2944,3031,25526
2945,2949,25199
2946,2874,24943
2947,2851,24948
2948,2861,25207
2949,2896,25449
2950,2871,25207
2951,2840,25282
2952,2798,25149
2953,2764,24945
2954,2718,24819
2955,2745,24961
2956,2737,25201
2957,2719,24932
2958,2701,24852
2959,2643,24607
2960,2616,24359
2961,2640,24444
2962,2650,24620
2963,2694,24645
2964,2666,24743
2965,2652,24560
2966,2625,24407
2967,2609,24263
2968,2632,24458
2969,2665,24780
2970,2657,24962
2971,2616,24871
2972,2607,24708
2973,2573,24488
2974,2606,24377
2975,2600,24240
2976,2620,24526
2977,2666,24812
2978,2678,24703
2979,2701,24735
2980,2716,24983
2981,2730,25009
2982,2731,24985
2983,2766,25235
2984,2803,25584
2985,2829,25532
2986,2842,25650
2987,2866,25699
2988,2902,25872
2989,2886,25864
2990,2955,26357
2991,0,1
2992,0,1
2993,0,1
2994,0,0
2995,0,0
2996,0,0
2997,0,1
2998,0,1
2999,0,1
3000,0,1
3001,0,1
3002,0,0
3003,0,1
3004,0,2
3005,0,2
3006,1,3
3007,2,3
3008,2,4
3009,2,5
3010,0,6
3011,1,6
3012,1,10
3013,1,12
3014,0,13
3015,2,13
3016,2,17
3017,3,18
3018,6,20
3019,6,20
3020,7,26
3021,10,30
3022,11,37
3023,13,40
3024,14,43
3025,12,44
3026,11,41
3027,11,37
3028,11,36
3029,13,38
3030,12,43
3031,11,40
3032,11,38
3033,10,38
3034,9,40
3035,9,40
3036,8,35
3037,8,31
3038,6,33
3039,3,30
3040,5,27
3041,5,28
3042,5,27
3043,5,21
3044,5,18
3045,5,15
3046,5,15
3047,3,14
3048,3,14
3049,2,13
3050,1,10
3051,0,8
3052,0,6
3053,0,5
3054,0,6
3055,0,6
3056,0,5
3057,0,3
3058,0,3
3059,0,3
3060,0,2
3061,0,2
3062,0,2
3063,0,2
3064,0,2
3065,0,1
3066,0,1
3067,0,0
3068,0,0
3069,0,0
3070,0,0
3071,0,0
3072,0,0
3073,0,0
3074,0,0
3075,0,0
3076,0,0
3077,0,0
3078,0,0
3079,0,0
3080,0,0
3081,0,0
3082,0,0
3083,0,0
3084,0,0
3085,0,0
3086,0,0
3087,0,0
3088,0,0
3089,0,0
3090,0,0
3091,0,0
3092,0,0
3093,0,0
3094,0,0
3095,0,0
3096,0,0
3097,0,0
3098,0,0
3099,0,0
3100,0,0
3101,0,4
3102,0,4
3103,0,5
3104,0,4
3105,0,0
3106,0,0
3107,0,0
3108,0,0
3109,0,0
3110,0,0
3111,0,0
3112,0,0
3113,0,0
3114,0,0
3115,0,0
3116,0,0
3117,0,0
3118,0,0
3119,0,0
3120,0,0
3121,0,0
3122,0,0
3123,0,0
3124,0,0
3125,0,0
3126,0,0
3127,0,0
3128,0,0
3129,0,0
3130,0,0
3131,0,0
3132,0,0
3133,0,0
3134,0,0
3135,0,0
3136,0,0
3137,0,0
3138,0,1
3139,0,1
3140,0,0
3141,0,19
3142,1,2
3143,1,2
3144,1,1
3145,1,1
3146,0,1
3147,0,1
3148,0,1
3149,0,1
3150,0,1
3151,0,1
3152,0,1
3153,0,1
3154,0,1
3155,0,1
3156,0,1
3157,0,0
3158,0,0
3159,0,0
3160,0,0
3161,0,0
3162,0,0
3163,0,0
3164,0,0
3165,0,0
3166,0,0
3167,0,0
3168,0,0
3169,0,1
3170,1,1
3171,4,78
3172,4,78
3173,4,80
3174,3,75
3175,3,70
3176,3,68
3177,3,63
3178,2,61
3179,3,62
3180,3,62
3181,3,59
3182,4,57
3183,4,55
3184,4,52
3185,2,43
3186,2,45
3187,2,45
3188,2,42
3189,2,42
3190,2,42
3191,2,41
3192,2,40
3193,2,39
3194,2,38
3195,2,38
3196,2,38
3197,3,33
3198,3,32
3199,3,33
3200,3,33
3201,3,33
3202,3,33
3203,3,33
3204,3,32
3205,3,33
3206,4,34
3207,4,34
3208,4,34
3209,3,29
3210,2,28
3211,1,24
3212,1,25
3213,0,23
3214,0,23
3215,0,20
3216,0,20
3217,0,20
3218,0,20
3219,0,19
3220,0,19
3221,0,19
3222,0,19
3223,0,20
3224,68,380
3225,80,442
3226,96,513
3227,107,571
3228,120,596
3229,128,656
3230,132,655
3231,137,704
3232,140,738
3233,139,702
3234,144,829
3235,143,828
3236,146,837
3237,151,838
3238,155,825
3239,155,856
3240,148,853
3241,143,868
3242,149,868
3243,140,881
3244,142,856
3245,137,852
3246,134,811
3247,133,816
3248,139,820
3249,133,774
3250,131,778
3251,123,742
3252,118,745
3253,123,736
3254,120,758
3255,117,771
3256,113,753
3257,103,760
3258,106,736
3259,99,740
3260,99,705
3261,93,684
3262,91,672
3263,90,680
3264,82,657
3265,76,614
3266,72,585
3267,72,539
3268,72,539
3269,69,555
3270,67,512
3271,62,486
3272,59,459
3273,56,419
3274,54,386
3275,51,395
3276,55,386
3277,54,368
3278,49,367
3279,52,315
3280,49,316
3281,51,303
3282,49,304
3283,48,305
3284,48,287
3285,48,263
3286,45,231
3287,42,197
3288,36,173
3289,36,184
3290,37,176
3291,36,194
3292,37,166
3293,36,154
3294,37,139
3295,36,122
3296,34,125
3297,34,122
3298,35,110
3299,29,102
3300,27,89
3301,27,79
3302,27,81
3303,24,78
3304,20,69
3305,21,60
3306,21,48
3307,16,44
3308,17,41
3309,16,41
3310,16,43
3311,11,40
3312,9,37
3313,12,30
3314,12,26
3315,11,22
3316,11,20
3317,12,22
3318,13,21
3319,12,21
3320,10,18
3321,10,20
3322,11,22
3323,10,20
3324,10,19
3325,9,20
3326,9,12
3327,9,13
3328,9,11
3329,10,13
3330,11,12
3331,10,11
3332,10,13
3333,8,12
3334,8,12
3335,8,12
3336,8,10
3337,9,10
3338,8,12
3339,7,13
3340,6,14
3341,6,13
3342,5,11
3343,5,10
3344,5,11
3345,6,11
3346,6,10
3347,4,10
3348,4,6
3349,4,6
3350,4,8
3351,4,10
3352,5,10
3353,5,14
3354,6,17
3355,5,10
3356,5,11
3357,6,12
3358,6,13
3359,7,12
3360,5,14
3361,6,13
3362,6,12
3363,8,11
3364,8,15
3365,8,16
3366,8,21
3367,7,22
3368,6,17
3369,6,16
3370,6,18
3371,6,20
3372,6,21
3373,5,27
3374,4,26
3375,4,26
3376,5,29
3377,5,32
3378,5,30
3379,5,33
3380,6,35
3381,6,36
3382,6,40
3383,7,40
3384,7,44
3385,7,48
3386,6,49
3387,6,49
3388,6,49
3389,6,50
3390,7,49
3391,7,53
3392,9,52
3393,10,54
3394,11,60
3395,13,68
3396,14,65
3397,14,76
3398,15,80
3399,16,74
3400,16,82
3401,17,90
3402,16,94
3403,17,90
3404,16,94
3405,17,100
3406,18,102
3407,17,108
3408,17,111
3409,18,117
3410,22,122
3411,20,122
3412,21,117
3413,20,120
3414,21,134
3415,23,150
3416,24,150
3417,27,156
3418,25,159
3419,31,179
3420,30,194
3421,30,201
3422,32,221
3423,31,240
3424,30,234
3425,29,238
3426,30,244
3427,30,260
3428,31,274
3429,32,298
3430,34,315
3431,35,324
3432,37,310
3433,38,311
3434,37,312
3435,39,319
3436,38,344
3437,38,354
3438,40,327
3439,43,330
3440,42,327
3441,44,322
3442,44,325
3443,44,327
3444,43,306
3445,40,315
3446,38,307
3447,37,295
3448,40,279
3449,40,283
3450,41,291
3451,40,279
3452,39,282
3453,38,285
3454,33,275
3455,33,254
3456,30,254
3457,34,276
3458,34,273
3459,33,274
3460,32,290
3461,33,287
3462,32,275
3463,31,277
3464,33,291
3465,37,291
3466,36,269
3467,36,247
3468,34,253
3469,31,243
3470,30,257
3471,30,259
3472,31,224
3473,31,228
3474,32,234
3475,29,239
3476,28,230
3477,28,233
3478,28,232
3479,32,215
3480,37,215
3481,36,203
3482,35,204
3483,32,190
3484,31,192
3485,34,197
3486,32,198
3487,28,198
3488,30,211
3489,31,206
3490,29,206
3491,29,220
3492,30,235
3493,28,237
3494,25,239
3495,22,255
3496,25,253
3497,23,268
3498,27,321
3499,30,360
3500,34,409
3501,39,454
3502,42,491
3503,50,508
3504,56,581
3505,65,673
3506,73,744
3507,76,817
3508,89,921
3509,101,1022
3510,107,1153
3511,121,1285
3512,128,1426
3513,144,1575
3514,160,1690
3515,176,1750
3516,173,1792
3517,187,1846
3518,191,1848
3519,196,1923
3520,199,2020
3521,209,1954
3522,210,1941
3523,214,1949
3524,218,1969
3525,216,1893
3526,221,1914
3527,114,947
3528,121,954
3529,118,922
3530,118,926
3531,117,921
3532,121,934
3533,121,1019
3534,125,1024
3535,124,992
3536,121,1019
3537,122,1013
3538,120,969
3539,126,967
3540,132,1080
3541,125,1077
3542,123,1020
3543,123,1002
3544,116,994
3545,120,983
3546,129,1002
3547,132,1124
3548,135,1115
3549,141,1137
3550,144,1151
3551,151,1178
3552,140,1184
3553,138,1189
3554,150,1311
3555,145,1343
3556,138,1341
3557,140,1369
3558,158,1403
3559,152,1397
3560,161,1389
3561,166,1493
3562,173,1575
3563,178,1557
3564,167,1589
3565,192,1626
3566,207,1614
3567,223,1650
3568,220,1780
3569,221,1737
3570,247,1905
3571,249,1825
3572,239,1786
3573,251,1785
3574,260,1759
3575,264,1906
3576,270,1862
3577,271,1865
3578,281,1806
3579,283,1774
3580,271,1680
3581,277,1662
3582,276,1796
3583,275,1724
3584,285,1611
3585,268,1537
3586,267,1467
3587,263,1350
3588,257,1283
3589,240,1332
3590,257,1267
3591,265,1222
3592,258,1186
3593,243,1116
3594,233,1056
3595,232,1037
3596,235,1059
3597,227,980
3598,214,911
3599,207,891
3600,201,853
3601,198,782
3602,184,752
3603,187,791
3604,198,748
3605,186,721
3606,179,696
3607,175,690
3608,155,662
3609,157,648
3610,164,684
3611,160,686
3612,150,672
3613,153,648
3614,142,631
3615,141,610
3616,140,627
3617,144,673
3618,137,659
3619,137,641
3620,139,636
3621,137,660
3622,141,647
3623,134,644
3624,130,655
3625,123,633
3626,126,607
3627,121,619
3628,115,627
3629,115,585
3630,107,584
3631,106,639
3632,105,647
3633,99,650
3634,100,659
3635,106,675
3636,114,695
3637,108,693
3638,115,728
3639,113,721
3640,116,725
3641,112,737
3642,111,755
3643,114,763
3644,120,771
3645,117,855
3646,121,896
3647,119,913
3648,127,919
3649,131,961
3650,131,978
3651,147,993
3652,149,1086
3653,155,1110
3654,148,1157
3655,148,1199
3656,155,1213
3657,176,1238
3658,170,1274
3659,188,1396
3660,189,1367
3661,204,1385
3662,208,1408
3663,221,1452
3664,227,1488
3665,223,1504
3666,260,1714
3667,263,1740
3668,280,1807
3669,281,1848
3670,284,1876
3671,298,1960
3672,297,1975
3673,311,2156
3674,325,2160
3675,325,2166
3676,328,2164
3677,343,2177
3678,338,2193
3679,331,2236
3680,352,2415
3681,359,2329
3682,377,2283
3683,385,2221
3684,407,2175
3685,417,2107
3686,426,2065
3687,415,2189
3688,413,2135
3689,422,2061
3690,415,2003
3691,423,1968
3692,420,1772
3693,26,127
3694,35,149
3695,36,164
3696,56,304
3697,64,409
3698,105,506
3699,140,779
3700,166,908
3701,229,1263
3702,295,1641
3703,351,2141
3704,462,2856
3705,567,3218
3706,650,4207
3707,733,5049
3708,877,5915
3709,1028,6866
3710,1153,7803
3711,1328,8754
3712,1518,9890
3713,1672,11335
3714,1851,12876
3715,2060,14954
3716,2257,16620
3717,2498,18255
3718,2655,18675
3719,2857,20565
3720,3009,22855
3721,3204,23896
3722,3396,25333
3723,3489,26601
3724,3612,28365
3725,3732,29761
3726,3856,30532
3727,3906,31292
3728,3981,31776
3729,4023,32215
3730,4035,32438
3731,4053,32593
3732,4068,32809
3733,3994,33004
3734,3977,32926
3735,3898,32874
3736,3792,32510
3737,3693,32178
3738,3605,32004
3739,3497,31739
3740,3381,31525
3741,3343,31190
3742,3260,31283
3743,3186,31197
3744,3079,30722
3745,2936,29829
3746,2812,28598
3747,2733,27740
3748,2635,27668
3749,2573,27479
3750,2471,26605
3751,2384,26189
3752,2267,25138
3753,2173,24241
3754,2102,23635
3755,2009,23381
3756,1956,22309
3757,1863,21586
3758,1795,21005
3759,1694,19843
3760,1578,19147
3761,1539,18896
3762,1501,18743
3763,1479,18302
3764,1427,17697
3765,1333,17102
3766,1311,16485
3767,1168,15804
3768,1034,14868
3769,1027,14645
3770,999,14538
3771,952,13817
3772,893,13065
3773,855,12308
3774,808,11600
3775,775,11175
3776,762,11073
3777,749,10956
3778,716,10707
3779,676,10300
3780,640,9909
3781,595,9552
3782,572,9267
3783,553,9166
3784,541,8726
3785,521,8438
3786,505,8234
3787,489,7868
3788,475,7569
3789,450,7130
3790,435,6822
3791,424,6523
3792,408,6324
3793,353,6095
3794,338,5841
3795,316,5617
3796,293,5295
3797,287,5151
3798,283,5012
3799,263,4844
3800,249,4569
3801,236,4367
3802,227,4120
3803,220,3967
3804,209,3803
3805,207,3696
3806,177,3478
3807,163,3276
3808,168,3035
3809,161,2793
3810,152,2626
3811,148,2462
3812,127,2165
3813,115,1968
3814,107,1717
3815,103,1618
3816,105,1461
3817,97,1357
3818,98,1258
3819,96,1216
3820,93,1183
3821,87,1112
3822,82,1045
3823,79,1035
3824,71,1011
3825,74,1019
3826,72,1018
3827,70,1010
3828,71,970
3829,69,940
3830,65,909
3831,67,893
3832,68,844
3833,65,833
3834,60,837
3835,57,854
3836,53,803
3837,50,821
3838,50,807
3839,49,792
3840,47,792
3841,49,781
3842,48,772
3843,49,762
3844,46,759
3845,41,772
3846,44,779
3847,45,785
3848,40,789
3849,38,769
3850,47,795
3851,41,757
3852,43,748
3853,42,750
3854,41,775
3855,41,802
3856,41,805
3857,42,804
3858,42,821
3859,43,814
3860,45,808
3861,46,825
3862,49,850
3863,53,832
3864,55,841
3865,56,827
3866,55,819
3867,56,843
3868,58,868
3869,58,901
3870,66,932
3871,68,951
3872,69,988
3873,64,988
3874,69,1040
3875,65,1110
3876,66,1124
3877,69,1124
3878,67,1198
3879,74,1252
3880,79,1247
3881,86,1337
3882,94,1382
3883,107,1487
3884,109,1546
3885,120,1625
3886,121,1728
3887,121,1741
3888,133,1816
3889,142,1861
3890,143,1903
3891,150,1928
3892,164,2000
3893,175,2024
3894,182,2133
3895,187,2229
3896,197,2319
3897,201,2423
3898,207,2492
3899,212,2560
3900,208,2595
3901,215,2595
3902,222,2587
3903,232,2707
3904,239,2843
3905,244,2902
3906,246,2977
3907,244,2981
3908,247,2993
3909,254,3100
3910,264,3241
3911,271,3319
3912,280,3327
3913,291,3388
3914,294,3436
3915,297,3502
3916,303,3590
3917,323,3810
3918,319,3944
3919,337,4119
3920,358,4283
3921,387,4473
3922,390,4726
3923,420,4939
3924,452,5273
3925,514,5590
3926,539,6009
3927,586,6382
3928,638,6816
3929,705,7322
3930,750,7881
3931,797,8473
3932,870,9324
3933,926,9983
3934,992,10686
3935,1049,11598
3936,1128,12415
3937,1208,13214
3938,1284,14281
3939,1411,15366
3940,1536,16517
3941,1651,17615
3942,1746,18740
3943,1843,19809
3944,1939,20841
3945,2022,21862
3946,2225,23339
3947,2292,24408
3948,2391,25647
3949,2515,26520
3950,2634,27743
3951,2749,29189
3952,2849,30485
3953,2971,31604
3954,3081,32525
3955,3170,33043
3956,3230,34144
3957,3306,34704
3958,3422,35469
3959,3492,36028
3960,3612,36686
3961,3670,37174
3962,3712,37322
3963,3748,37705
3964,3758,37821
3965,3801,38080
3966,3810,38507
3967,3816,38393
3968,3848,38161
3969,3846,37884
3970,3782,37466
3971,3762,37061
3972,3753,36632
3973,3744,36931
3974,3663,36474
3975,3616,36070
3976,3597,35369
3977,3567,34767
3978,3517,33675
3979,3454,33845
3980,3382,33906
3981,3345,33426
3982,3320,32973
3983,3291,32379
3984,3265,31827
3985,3199,31265
3986,3158,30893
3987,3095,30860
3988,3003,30345
3989,2926,29823
3990,2855,29282
3991,2819,28588
3992,2784,28148
3993,2743,27901
3994,2731,27876
3995,2687,27635
3996,2624,27170
3997,2589,26659
3998,2584,25986
3999,2580,25892
4000,2580,26151
4001,2565,26497
4002,2549,26211
4003,2528,26094
4004,2555,25706
4005,2553,25375
4006,2569,25517
4007,2583,25658
4008,2579,25896
4009,2569,25964
4010,2571,25745
4011,2587,25878
4012,2587,25900
4013,2593,25853
4014,2615,26042
4015,2642,26245
4016,2636,26348
4017,2579,26104
4018,2557,25667
4019,2522,25363
4020,2520,25304
4021,2503,25260
4022,2544,25428
4023,2487,25186
4024,2461,24930
4025,2418,24463
4026,2390,24081
4027,2386,23789
4028,2400,23709
4029,0,0
4030,0,0
4031,0,0
4032,0,1
4033,3,21
4034,6,62
4035,2,65
4036,2,73
4037,2,99
4038,14,142
4039,20,140
4040,20,148
4041,23,175
4042,21,181
4043,24,174
4044,26,179
4045,27,181
4046,30,201
4047,35,202
4048,33,206
4049,33,193
4050,31,191
4051,31,190
4052,33,201
4053,29,192
4054,28,193
4055,30,180
4056,31,192
4057,33,172
4058,34,174
4059,35,159
4060,32,170
4061,30,154
4062,31,167
4063,30,162
4064,31,161
4065,31,157
4066,28,153
4067,24,136
4068,25,134
4069,23,121
4070,20,120
4071,20,109
4072,22,114
4073,24,102
4074,24,91
4075,25,104
4076,24,98
4077,23,96
4078,22,93
4079,20,101
4080,21,96
4081,16,83
4082,15,90
4083,14,82
4084,18,77
4085,22,78
4086,22,79
4087,11,70
4088,11,74
4089,15,65
4090,13,55
4091,8,46
4092,10,52
4093,6,49
4094,6,54
4095,5,41
4096,8,45
4097,7,34
4098,4,32
4099,5,35
4100,4,42
4101,4,33
4102,4,29
4103,3,28
4104,3,26
4105,3,27
4106,4,25
4107,2,22
4108,3,21
4109,1,19
4110,1,19
4111,1,13
4112,2,18
4113,2,20
4114,1,17
4115,1,17
4116,0,15
4117,0,16
4118,1,13
4119,1,11
4120,2,15
4121,1,15
4122,2,12
4123,2,14
4124,1,12
4125,1,13
4126,2,16
4127,1,15
4128,0,11
4129,0,13
4130,1,13
4131,1,9
4132,1,13
4133,2,11
4134,2,16
4135,2,18
4136,2,16
4137,3,22
4138,3,17
4139,3,24
4140,3,20
4141,3,22
4142,1,24
4143,2,26
4144,3,27
4145,2,31
4146,3,36
4147,4,38
4148,3,47
4149,4,38
4150,5,42
4151,4,40
4152,6,42
4153,6,48
4154,7,54
4155,5,55
4156,5,60
4157,1,58
4158,3,52
4159,4,48
4160,4,54
4161,6,61
4162,5,55
4163,4,59
4164,6,63
4165,7,55
4166,6,53
4167,6,57
4168,7,61
4169,7,59
4170,5,47
4171,9,51
4172,6,48
4173,8,49
4174,8,47
4175,6,41
4176,4,45
4177,3,44
4178,1,38
4179,3,38
4180,4,44
4181,3,32
4182,3,37
4183,4,32
4184,3,33
4185,3,34
4186,3,40
4187,1,27
4188,1,32
4189,1,31
4190,1,32
4191,2,33
4192,2,27
4193,2,30
4194,4,25
4195,3,23
4196,2,27
4197,2,28
4198,1,16
4199,2,16
4200,0,11
4201,0,10
4202,0,10
4203,0,15
4204,0,20
4205,0,23
4206,0,21
4207,1,21
4208,0,17
4209,0,18
4210,1,16
4211,0,19
4212,0,22
4213,0,23
4214,1,18
4215,0,16
4216,2,22
4217,1,21
4218,1,20
4219,1,23
4220,3,26
4221,1,19
4222,1,25
4223,3,30
4224,3,36
4225,4,34
4226,5,30
4227,5,30
4228,3,20
4229,3,20
4230,2,21
4231,2,21
4232,1,22
4233,2,21
4234,2,22
4235,1,24
4236,1,34
4237,2,34
4238,2,36
4239,2,40
4240,3,46
4241,4,44
4242,4,41
4243,4,49
4244,3,53
4245,4,57
4246,5,61
4247,7,68
4248,8,69
4249,10,86
4250,11,88
4251,12,103
4252,12,114
4253,16,114
4254,16,132
4255,21,140
4256,24,150
4257,26,169
4258,27,168
4259,29,179
4260,29,203
4261,30,224
4262,36,215
4263,37,208
4264,41,208
4265,36,204
4266,40,198
4267,42,207
4268,38,219
4269,39,215
4270,41,220
4271,43,208
4272,46,206
4273,46,211
4274,48,236
4275,48,247
4276,44,221
4277,43,222
4278,41,224
4279,45,226
4280,47,242
4281,46,237
4282,43,225
4283,44,224
4284,43,221
4285,41,206
4286,42,203
4287,42,214
4288,42,212
4289,41,210
4290,41,202
4291,41,194
4292,40,190
4293,40,191
4294,39,203
4295,43,203
4296,46,210
4297,47,217
4298,47,217
4299,47,221
4300,46,226
4301,50,240
4302,48,239
4303,48,235
4304,47,230
4305,43,226
4306,39,218
4307,38,214
4308,38,207
4309,39,193
4310,40,192
4311,39,171
4312,35,167
4313,35,165
4314,39,166
4315,32,150
4316,32,157
4317,31,147
4318,31,132
4319,33,136
4320,32,125
4321,30,125
4322,34,125
4323,32,123
4324,28,104
4325,26,104
4326,23,100
4327,22,91
4328,21,93
4329,23,92
4330,24,93
4331,21,92
4332,23,91
4333,21,90
4334,18,84
4335,19,91
4336,20,88
4337,20,88
4338,17,85
4339,14,73
4340,14,77
4341,14,78
4342,15,73
4343,14,71
4344,157,542
4345,153,516
4346,116,496
4347,113,481
4348,97,469
4349,96,456
4350,96,443
4351,93,400
4352,91,346
4353,80,333
4354,77,297
4355,73,279
4356,77,289
4357,79,277
4358,87,281
4359,78,280
4360,73,289
4361,67,261
4362,57,235
4363,57,220
4364,55,221
4365,59,194
4366,48,211
4367,49,197
4368,49,178
4369,36,190
4370,29,180
4371,30,178
4372,32,157
4373,29,160
4374,28,150
4375,25,125
4376,20,103
4377,18,75
4378,18,87
4379,23,81
4380,24,79
4381,20,74
4382,21,70
4383,25,69
4384,26,77
4385,24,83
4386,24,94
4387,21,94
4388,20,85
4389,15,80
4390,15,73
4391,16,78
4392,17,73
4393,16,81
4394,15,90
4395,17,85
4396,15,91
4397,17,74
4398,18,91
4399,16,67
4400,21,70
4401,19,77
4402,17,63
4403,14,66
4404,19,73
4405,22,67
4406,21,70
4407,27,82
4408,26,83
4409,30,88
4410,29,79
4411,27,78
4412,28,79
4413,31,87
4414,29,99
4415,30,97
4416,35,117
4417,31,127
4418,38,120
4419,39,124
4420,36,122
4421,39,126
4422,42,129
4423,41,125
4424,39,138
4425,43,133
4426,42,131
4427,42,129
4428,41,121
4429,38,120
4430,38,120
4431,36,107
4432,34,100
4433,34,96
4434,33,94
4435,38,94
4436,33,93
4437,32,90
4438,28,95
4439,35,95
4440,35,99
4441,33,105
4442,31,109
4443,30,116
4444,31,122
4445,30,131
4446,36,136
4447,37,138
4448,36,148
4449,43,166
4450,53,187
4451,54,191
4452,49,212
4453,58,230
4454,67,260
4455,77,276
4456,85,325
4457,91,329
4458,104,371
4459,106,395
4460,116,431
4461,122,433
4462,127,490
4463,142,518
4464,142,551
4465,150,551
4466,152,539
4467,160,573
4468,156,585
4469,163,647
4470,177,715
4471,190,785
4472,210,811
4473,228,842
4474,239,900
4475,235,955
4476,247,986
4477,252,1046
4478,277,1133
4479,301,1174
4480,313,1213
4481,345,1208
4482,352,1216
4483,364,1288
4484,379,1359
4485,419,1440
4486,450,1493
4487,463,1540
4488,472,1601
4489,501,1614
4490,490,1657
4491,506,1743
4492,529,1829
4493,545,1831
4494,553,1831
4495,567,1818
4496,584,1864
4497,583,1910
4498,587,1958
4499,609,2044
4500,612,1960
4501,607,1905
4502,603,1842
4503,602,1782
4504,598,1697
4505,600,1717
4506,598,1697
4507,606,1671
4508,595,1606
4509,609,1572
4510,595,1530
4511,585,1509
4512,573,1557
4513,576,1570
4514,559,1528
4515,555,1475
4516,547,1414
4517,550,1352
4518,540,1393
4519,536,1432
4520,526,1399
4521,529,1310
4522,524,1257
4523,518,1251
4524,511,1200
4525,506,1194
4526,481,1240
4527,478,1205
4528,475,1131
4529,458,1137
4530,473,1152
4531,472,1130
4532,469,1172
4533,470,1190
4534,464,1236
4535,473,1211
4536,469,1179
4537,472,1209
4538,481,1242
4539,497,1270
4540,503,1369
4541,524,1430
4542,526,1438
4543,536,1467
4544,549,1485
4545,560,1505
4546,580,1533
4547,586,1576
4548,586,1703
4549,608,1686
4550,596,1712
4551,600,1704
4552,615,1734
4553,631,1797
4554,658,1922
4555,684,2077
4556,712,2002
4557,724,2104
4558,703,1957
4559,698,2005
4560,704,2006
4561,715,2130
4562,731,2159
4563,704,2131
4564,712,2052
4565,708,1936
4566,700,1874
4567,711,1850
4568,702,1926
4569,695,1945
4570,700,1821
4571,693,1814
4572,690,1784
4573,671,1694
4574,676,1708
4575,690,1744
4576,683,1767
4577,679,1709
4578,677,1667
4579,674,1684
4580,673,1633
4581,680,1667
4582,0,0
4583,0,0
4584,0,0
4585,0,0
4586,0,0
4587,0,0
4588,0,0
4589,0,40
4590,0,57
4591,0,69
4592,0,107
4593,10,114
4594,9,139
4595,18,139
4596,17,206
4597,20,89
4598,20,89
4599,26,126
4600,35,156
4601,41,169
4602,47,201
4603,48,203
4604,61,276
4605,61,191
4606,71,354
4607,89,418
4608,138,486
4609,164,571
4610,188,627
4611,230,726
4612,240,1042
4613,245,1058
4614,251,1075
4615,267,1084
4616,270,1099
4617,271,1180
4618,245,1211
4619,241,1173
4620,226,1179
4621,233,1175
4622,228,1177
4623,188,1187
4624,218,1227
4625,208,1200
4626,229,1302
4627,222,1284
4628,228,1253
4629,224,1243
4630,215,1208
4631,213,1172
4632,207,1146
4633,204,1095
4634,188,1068
4635,186,1040
4636,182,1005
4637,176,995
4638,172,936
4639,169,980
4640,172,968
4641,154,892
4642,150,855
4643,144,856
4644,143,813
4645,134,818
4646,136,838
4647,135,874
4648,127,842
4649,120,815
4650,112,797
4651,112,805
4652,113,709
4653,103,692
4654,108,680
4655,112,673
4656,115,657
4657,108,649
4658,105,628
4659,101,629
4660,93,609
4661,92,608
4662,84,576
4663,80,550
4664,78,536
4665,72,531
4666,71,513
4667,66,510
4668,65,512
4669,66,529
4670,63,514
4671,64,474
4672,64,471
4673,58,432
4674,56,428
4675,58,445
4676,64,475
4677,57,414
4678,58,398
4679,55,366
4680,65,394
4681,70,417
4682,70,415
4683,73,440
4684,77,428
4685,73,419
4686,73,431
4687,71,423
4688,69,435
4689,67,416
4690,67,422
4691,70,422
4692,69,407
4693,72,424
4694,72,441
4695,73,429
4696,67,436
4697,67,457
4698,70,442
4699,75,458
4700,71,489
4701,73,491
4702,79,503
4703,77,510
4704,72,495
4705,73,489
4706,73,504
4707,74,513
4708,76,511
4709,74,512
4710,73,487
4711,66,471
4712,68,459
4713,64,462
4714,63,467
4715,69,472
4716,68,478
4717,72,476
4718,67,447
4719,65,452
4720,61,439
4721,61,454
4722,62,439
4723,59,439
4724,59,431
4725,52,420
4726,50,410
4727,48,403
4728,45,414
4729,41,402
4730,43,403
4731,42,403
4732,41,381
4733,40,375
4734,41,378
4735,42,390
4736,44,401
4737,41,384
4738,42,369
4739,36,356
4740,33,357
4741,33,366
4742,29,374
4743,35,365
4744,40,367
4745,39,358
4746,41,348
4747,37,320
4748,39,325
4749,39,336
4750,38,336
4751,35,329
4752,39,334
4753,41,321
4754,42,316
4755,47,317
4756,44,321
4757,41,325
4758,38,311
4759,35,317
4760,38,334
4761,40,324
4762,41,341
4763,41,349
4764,44,350
4765,41,337
4766,44,334
4767,40,339
4768,41,345
4769,43,354
4770,49,381
4771,50,394
4772,52,391
4773,57,406
4774,54,404
4775,59,438
4776,57,452
4777,61,477
4778,59,478
4779,61,482
4780,59,480
4781,57,465
4782,64,497
4783,63,511
4784,61,518
4785,70,546
4786,77,571
4787,85,588
4788,86,624
4789,85,615
4790,89,635
4791,98,659
4792,99,661
4793,105,666
4794,107,682
4795,107,682
4796,106,668
4797,105,682
4798,106,701
4799,104,732
4800,104,764
4801,115,801
4802,125,811
4803,122,831
4804,124,843
4805,128,877
4806,132,916
4807,135,957
4808,139,993
4809,144,1015
4810,148,1012
4811,155,1086
4812,165,1174
4813,176,1237
4814,187,1272
4815,200,1365
4816,198,1418
4817,221,1455
4818,230,1574
4819,240,1672
4820,253,1747
4821,262,1794
4822,262,1794
4823,275,1927
4824,286,1972
4825,284,2122
4826,294,2255
4827,320,2349
4828,325,2337
4829,320,2362
4830,340,2425
4831,366,2420
4832,378,2522
4833,391,2651
4834,382,2742
4835,391,2785
4836,383,2794
4837,388,2799
4838,413,2798
4839,415,2929
4840,426,3040
4841,431,3028
4842,432,3051
4843,458,3017
4844,481,3079
4845,485,3025
4846,491,3151
4847,498,3241
4848,506,3275
4849,517,3251
4850,516,3192
4851,526,3208
4852,529,3155
4853,536,3245
4854,525,3342
4855,521,3275
4856,525,3338
4857,525,3330
4858,526,3295
4859,517,3229
4860,514,3268
4861,513,3367
4862,499,3263
4863,504,3332
4864,509,3304
4865,507,3230
4866,503,3093
4867,513,3157
4868,513,3254
4869,506,3206
4870,486,3181
4871,494,3142
4872,484,3061
4873,485,2973
4874,483,3027
4875,502,3158
4876,508,3095
4877,511,2990
4878,505,2853
4879,504,2754
4880,513,2790
4881,504,2870
4882,503,2967
4883,486,2930
4884,487,2896
4885,482,2840
4886,483,2806
4887,492,2858
4888,500,3044
4889,510,3171
4890,512,3260
4891,513,3293
4892,514,3333
4893,536,3451
4894,540,3555
4895,558,3770
4896,567,3983
4897,599,4043
4898,596,4240
4899,611,4368
4900,622,4560
4901,638,4653
4902,647,4889
4903,664,5165
4904,670,5291
4905,681,5493
4906,702,5630
4907,715,5779
4908,720,5922
4909,742,6117
4910,1,18
4911,1,18
4912,2,17
4913,4,22
4914,4,29
4915,3,33
4916,5,32
4917,5,38
4918,5,43
4919,7,47
4920,8,46
4921,8,51
4922,11,52
4923,10,56
4924,11,69
4925,14,78
4926,16,81
4927,22,102
4928,23,102
4929,24,108
4930,29,117
4931,28,110
4932,31,109
4933,30,108
4934,30,114
4935,32,109
4936,31,110
4937,30,112
4938,32,109
4939,35,111
4940,34,108
4941,36,106
4942,35,94
4943,35,95
4944,33,95
4945,35,103
4946,34,96
4947,30,99
4948,28,95
4949,27,93
4950,26,89
4951,26,87
4952,25,86
4953,24,82
4954,23,80
4955,23,78
4956,23,77
4957,23,80
4958,22,80
4959,23,77
4960,22,70
4961,22,63
4962,21,58
4963,21,60
4964,20,58
4965,20,58
4966,16,55
4967,14,53
4968,13,52
4969,11,46
4970,10,43
4971,10,41
4972,10,42
4973,9,40
4974,9,38
4975,7,32
4976,7,29
4977,6,27
4978,5,26
4979,5,25
4980,5,24
4981,4,23
4982,3,21
4983,4,21
4984,3,18
4985,3,18
4986,3,16
4987,2,9
4988,2,8
4989,2,7
4990,2,7
4991,2,7
4992,2,6
4993,1,5
4994,1,5
4995,0,5
4996,0,5
4997,0,6
4998,0,6
4999,0,5
5000,0,5
5001,0,6
5002,0,6
5003,0,6
5004,0,6
5005,0,6
5006,0,6
5007,1,7
5008,1,7
5009,1,7
5010,1,6
5011,1,8
5012,1,6
5013,1,6
5014,1,6
5015,1,5
5016,2,7
5017,2,7
5018,1,8
5019,0,8
5020,0,7
5021,0,8
5022,0,8
5023,0,8
5024,0,9
5025,0,10
5026,0,6
5027,0,6
5028,0,11
5029,0,12
5030,0,14
5031,0,15
5032,0,16
5033,0,16
5034,1,16
5035,1,17
5036,1,17
5037,2,16
5038,1,18
5039,1,19
5040,2,19
5041,3,19
5042,3,19
5043,3,22
5044,2,22
5045,2,24
5046,2,23
5047,4,19
5048,4,21
5049,3,20
5050,3,17
5051,4,21
5052,5,22
5053,5,24
5054,5,22
5055,2,22
5056,1,20
5057,2,22
5058,3,22
5059,3,24
5060,4,24
5061,3,22
5062,3,24
5063,3,24
5064,2,23
5065,2,23
5066,3,19
5067,3,18
5068,3,16
5069,3,17
5070,3,19
5071,3,16
5072,3,17
5073,2,17
5074,0,18
5075,0,18
5076,0,17
5077,0,17
5078,0,17
5079,0,20
5080,1,23
5081,1,22
5082,2,23
5083,3,24
5084,3,25
5085,3,25
5086,4,26
5087,4,26
5088,3,24
5089,3,22
5090,3,23
5091,4,26
5092,4,28
5093,4,27
5094,5,26
5095,6,27
5096,6,31
5097,7,38
5098,9,42
5099,10,50
5100,11,61
5101,11,62
5102,11,67
5103,10,67
5104,13,66
5105,15,70
5106,13,71
5107,10,65
5108,13,63
5109,15,60
5110,17,72
5111,17,80
5112,16,79
5113,16,84
5114,16,86
5115,15,86
5116,15,86
5117,15,94
5118,16,101
5119,21,107
5120,20,111
5121,22,122
5122,21,131
5123,23,138
5124,21,149
5125,27,158
5126,26,172
5127,31,180
5128,35,210
5129,40,222
5130,43,240
5131,44,250
5132,50,265
5133,56,291
5134,55,313
5135,55,333
5136,62,356
5137,65,394
5138,66,449
5139,73,508
5140,82,523
5141,88,560
5142,102,612
5143,119,660
5144,128,703
5145,125,779
5146,133,821
5147,142,868
5148,148,925
5149,157,979
5150,168,1023
5151,168,1069
5152,178,1084
5153,179,1125
5154,193,1143
5155,196,1171
5156,204,1192
5157,196,1210
5158,204,1199
5159,205,1224
5160,201,1261
5161,209,1264
5162,210,1275
5163,212,1280
5164,202,1238
5165,199,1254
5166,195,1219
5167,197,1244
5168,202,1292
5169,204,1299
5170,203,1297
5171,212,1302
5172,198,1324
5173,191,1257
5174,195,1278
5175,202,1298
5176,208,1299
5177,197,1285
5178,195,1289
5179,199,1284
5180,195,1272
5181,200,1302
5182,194,1301
5183,190,1304
5184,197,1282
5185,188,1258
5186,196,1268
5187,192,1276
5188,200,1315
5189,207,1320
5190,204,1284
5191,210,1251
5192,207,1229
5193,206,1212
5194,203,1199
5195,202,1214
5196,207,1271
5197,209,1261
5198,208,1226
5199,211,1189
5200,201,1142
5201,207,1165
5202,206,1179
5203,205,1221
5204,204,1170
5205,209,1172
5206,195,1174
5207,187,1110
5208,186,1111
5209,190,1173
5210,194,1209
5211,188,1193
5212,190,1177
5213,189,1169
5214,191,1160
5215,192,1143
5216,202,1192
5217,198,1205
5218,192,1202
5219,206,1244
5220,200,1266
5221,196,1266
5222,193,1224
5223,191,1220
5224,183,1237
5225,187,1200
5226,179,1178
5227,182,1159
5228,186,1140
5229,191,1129
5230,190,1149
5231,522,4636
5232,541,4703
5233,658,5484
5234,677,5688
5235,697,5903
5236,715,6034
5237,751,6224
5238,846,6957
5239,823,6807
5240,874,6924
5241,930,7194
5242,976,7392
5243,1034,7892
5244,1051,7972
5245,1131,8398
5246,1136,8401
5247,1181,8658
5248,1157,9044
5249,1273,9752
5250,1281,9810
5251,1331,10003
5252,1345,10143
5253,1417,11031
5254,1438,10849
5255,1436,10755
5256,1445,11041
5257,1465,11006
5258,1529,11147
5259,1535,10941
5260,1539,10855
5261,1561,10559
5262,1566,10372
5263,1580,10949
5264,1544,10696
5265,1568,10662
5266,1585,10645
5267,1590,10554
5268,1546,10109
5269,1595,11297
5270,1652,11671
5271,1702,11692
5272,1768,11784
5273,1857,12945
5274,1911,13288
5275,1930,13698
5276,1966,14160
5277,2031,14539
5278,2163,16008
5279,2292,16696
5280,2368,17073
5281,2404,17520
5282,2482,18162
5283,2650,19170
5284,2754,19943
5285,2786,20325
5286,2802,20281
5287,2863,20239
5288,3007,21029
5289,3064,20943
5290,3093,21051
5291,3123,20525
5292,3125,20296
5293,3156,20452
5294,3127,20007
5295,3120,19403
5296,3125,18961
5297,3054,17963
5298,2922,17695
5299,2853,16701
5300,2838,15986
5301,2815,15316
5302,2777,14819
5303,2629,14503
5304,2578,14243
5305,2485,13567
5306,2440,13063
5307,2371,12552
5308,2179,12158
5309,2158,11965
5310,2100,11648
5311,2068,11736
5312,2027,11736
5313,1964,11346
5314,1955,11336
5315,1920,11224
5316,1944,11431
5317,1906,11500
5318,1932,11328
5319,1907,10744
5320,2022,12172
5321,2005,12032
5322,2035,11905
5323,2018,11535
5324,2192,13458
5325,2220,13841
5326,2307,14543
5327,2318,14951
5328,2511,16792
5329,2651,17645
5330,2744,18215
5331,2849,18924
5332,2953,19657
5333,3287,23184
5334,3416,24185
5335,3583,25228
5336,0,1
5337,0,1
5338,0,1
5339,0,1
5340,0,3
5341,0,3
5342,0,3
5343,0,6
5344,0,7
5345,0,7
5346,0,7
5347,0,10
5348,0,14
5349,0,18
5350,0,15
5351,0,16
5352,1,18
5353,2,23
5354,3,26
5355,3,46
5356,7,65
5357,31,209
5358,35,267
5359,56,319
5360,62,384
5361,94,461
5362,106,530
5363,132,638
5364,161,751
5365,187,880
5366,199,948
5367,221,1045
5368,262,1162
5369,298,1295
5370,315,1382
5371,342,1487
5372,361,1524
5373,378,1570
5374,404,1774
5375,422,1808
5376,434,1865
5377,454,1913
5378,465,1922
5379,482,2011
5380,494,2054
5381,504,2104
5382,517,2175
5383,518,2199
5384,526,2229
5385,522,2229
5386,516,2266
5387,526,2219
5388,513,2275
5389,539,2319
5390,520,2233
5391,515,2240
5392,539,2243
5393,537,2236
5394,551,2245
5395,542,2263
5396,533,2313
5397,529,2279
5398,541,2222
5399,521,2230
5400,518,2145
5401,518,2173
5402,512,2206
5403,511,2256
5404,497,2265
5405,487,2220
5406,480,2184
5407,467,2120
5408,464,2064
5409,448,2065
5410,437,2072
5411,426,1993
5412,415,1970
5413,403,1911
5414,391,1853
5415,383,1834
5416,387,1833
5417,385,1845
5418,369,1793
5419,367,1765
5420,360,1724
5421,356,1742
5422,347,1725
5423,355,1728
5424,348,1769
5425,339,1784
5426,322,1721
5427,322,1673
5428,315,1650
5429,310,1619
5430,317,1635
5431,313,1684
5432,309,1650
5433,311,1591
5434,299,1583
5435,290,1539
5436,293,1511
5437,299,1520
5438,293,1568
5439,280,1469
5440,279,1436
5441,270,1386
5442,267,1369
5443,256,1323
5444,263,1328
5445,244,1303
5446,237,1281
5447,232,1240
5448,224,1197
5449,217,1177
5450,215,1173
5451,212,1179
5452,203,1168
5453,203,1153
5454,192,1109
5455,181,1019
5456,174,997
5457,167,983
5458,166,990
5459,157,919
5460,152,896
5461,142,865
5462,133,786
5463,138,766
5464,140,753
5465,138,748
5466,127,677
5467,119,656
5468,108,628
5469,101,563
5470,97,523
5471,94,509
5472,94,507
5473,91,474
5474,86,464
5475,79,436
5476,67,366
5477,68,341
5478,65,335
5479,66,337
5480,60,312
5481,54,322
5482,47,304
5483,53,313
5484,48,302
5485,50,300
5486,48,299
5487,48,298
5488,46,298
5489,39,284
5490,35,258
5491,33,258
5492,33,267
5493,35,264
5494,34,243
5495,34,236
5496,33,227
5497,31,210
5498,29,210
5499,29,211
5500,29,208
5501,31,221
5502,32,213
5503,33,218
5504,33,215
5505,31,209
5506,29,209
5507,29,211
5508,32,215
5509,28,215
5510,29,217
5511,27,203
5512,26,199
5513,26,199
5514,26,199
5515,22,187
5516,21,177
5517,21,168
5518,19,177
5519,19,165
5520,20,166
5521,20,163
5522,18,159
5523,17,163
5524,17,152
5525,15,142
5526,14,136
5527,14,131
5528,14,135
5529,12,138
5530,14,141
5531,14,140
5532,15,131
5533,14,129
5534,15,128
5535,15,130
5536,16,148
5537,16,145
5538,16,152
5539,15,154
5540,17,141
5541,20,142
5542,19,139
5543,17,138
5544,16,148
5545,15,150
5546,15,151
5547,20,156
5548,19,158
5549,18,158
5550,16,156
5551,17,158
5552,17,155
5553,16,156
5554,21,161
5555,21,161
5556,20,162
5557,22,155
5558,21,166
5559,24,172
5560,23,179
5561,23,180
5562,23,184
5563,21,196
5564,24,204
5565,25,222
5566,24,218
5567,23,218
5568,27,238
5569,31,238
5570,30,245
5571,30,270
5572,30,278
5573,34,290
5574,37,309
5575,36,309
5576,37,328
5577,41,344
5578,45,386
5579,56,452
5580,55,495
5581,60,490
5582,58,531
5583,61,560
5584,60,564
5585,74,685
5586,81,738
5587,90,800
5588,90,835
5589,90,876
5590,98,876
5591,99,904
5592,122,1047
5593,127,1140
5594,122,1229
5595,123,1286
5596,124,1335
5597,132,1340
5598,132,1345
5599,156,1481
5600,166,1591
5601,178,1649
5602,180,1687
5603,177,1671
5604,179,1672
5605,178,1676
5606,196,1937
5607,206,1945
5608,217,1995
5609,228,2010
5610,229,1989
5611,226,1978
5612,225,1996
5613,237,2111
5614,238,2127
5615,241,2094
5616,254,2041
5617,248,2050
5618,246,2039
5619,248,2046
5620,243,2211
5621,258,2273
5622,259,2312
5623,249,2310
5624,250,2266
5625,253,2264
5626,255,2278
5627,251,2440
5628,262,2522
5629,263,2543
5630,271,2542
5631,281,2553
5632,280,2559
5633,283,2562
5634,294,2757
5635,300,2751
5636,303,2716
5637,303,2708
5638,306,2709
5639,305,2713
5640,311,2731
5641,333,2919
5642,337,2911
5643,339,2904
5644,336,2905
5645,335,2900
5646,334,2904
5647,336,2911
5648,358,2993
5649,361,3006
5650,365,2971
5651,375,2947
5652,374,2849
5653,373,2841
5654,371,2848
5655,384,2827
5656,369,2767
5657,363,2749
5658,356,2639
5659,355,2572
5660,354,2565
5661,354,2531
5662,349,2508
5663,346,2409
5664,328,2285
5665,321,2208
5666,305,2134
5667,304,2125
5668,303,2127
5669,1813,13873
5670,2120,15544
5671,2309,17500
5672,2469,18852
5673,2644,19490
5674,2864,20231
5675,2967,20737
5676,2963,21002
5677,3228,21277
5678,3274,21251
5679,3301,21684
5680,3277,21304
5681,3234,21277
5682,3228,20578
5683,3222,20385
5684,3162,19326
5685,3247,19452
5686,3176,19570
5687,3130,19327
5688,3036,19136
5689,2964,18530
5690,2867,17864
5691,2703,17060
5692,2702,16601
5693,2580,16552
5694,2460,16658
5695,2353,15873
5696,2286,15517
5697,2224,15160
5698,2178,14719
5699,2068,14376
5700,2009,14184
5701,1936,14092
5702,1874,13718
5703,1802,13143
5704,1685,12622
5705,1642,12049
5706,1585,12017
5707,1538,11723
5708,1485,11963
5709,1414,11587
5710,1342,11338
5711,1314,10916
5712,1337,10686
5713,1234,10233
5714,1196,10194
5715,1141,10227
5716,1106,10009
5717,1034,9559
5718,1008,9289
5719,964,9181
5720,928,8811
5721,886,8811
5722,863,8833
5723,847,8728
5724,783,8215
5725,751,7903
5726,719,7583
5727,704,7264
5728,679,7234
5729,652,7244
5730,636,7082
5731,602,6810
5732,571,6571
5733,554,6371
5734,540,6141
5735,515,5936
5736,509,5924
5737,491,5729
5738,439,5469
5739,390,5178
5740,393,5088
5741,390,4940
5742,393,4907
5743,385,4869
5744,378,4862
5745,357,4718
5746,352,4559
5747,330,4413
5748,346,4251
5749,310,4221
5750,340,4280
5751,311,4133
5752,316,4029
5753,276,3849
5754,268,3619
5755,270,3543
5756,270,3556
5757,262,3747
5758,279,3382
5759,259,3197
5760,239,3078
5761,231,2941
5762,220,2800
5763,217,2740
5764,209,2698
5765,197,2597
5766,185,2453
5767,188,2343
5768,191,2242
5769,168,2117
5770,159,2099
5771,162,2111
5772,145,1992
5773,153,1973
5774,142,1828
5775,143,1803
5776,137,1775
5777,131,1741
5778,129,1733
5779,137,1633
5780,110,1746
5781,111,1537
5782,104,1452
5783,93,1399
5784,92,1381
5785,97,1368
5786,93,1367
5787,87,1348
5788,84,1312
5789,86,1263
5790,92,1287
5791,85,1251
5792,77,1248
5793,76,1213
5794,73,1197
5795,69,1152
5796,67,1092
5797,62,1025
5798,65,981
5799,70,1085
5800,73,1037
5801,80,1002
5802,75,1006
5803,73,993
5804,76,972
5805,78,977
5806,73,980
5807,73,951
5808,70,923
5809,76,908
5810,72,887
5811,71,941
5812,72,868
5813,68,874
5814,68,842
5815,64,827
5816,71,838
5817,60,816
5818,66,831
5819,68,829
5820,71,852
5821,82,860
5822,81,802
5823,76,816
5824,69,817
5825,65,811
5826,69,817
5827,77,901
5828,80,893
5829,80,922
5830,78,942
5831,143,768
5832,86,810
5833,92,840
5834,105,979
5835,115,1064
5836,124,1104
5837,127,1160
5838,138,1218
5839,144,1297
5840,165,1395
5841,181,1555
5842,211,1634
5843,228,1728
5844,243,1844
5845,262,2018
5846,261,2031
5847,276,2186
5848,297,2397
5849,314,2418
5850,333,2528
5851,341,2587
5852,369,2717
5853,369,2863
5854,369,3052
5855,393,3365
5856,410,3637
5857,442,3888
5858,436,4079
5859,440,4165
5860,470,4353
5861,477,4665
5862,507,4956
5863,516,5290
5864,563,5594
5865,581,5929
5866,592,6292
5867,614,6542
5868,630,6826
5869,658,7329
5870,698,7848
5871,712,8128
5872,708,8306
5873,744,8882
5874,788,9255
5875,828,9780
5876,853,10102
5877,903,10930
5878,957,11426
5879,974,11575
5880,979,11780
5881,1003,12297
5882,979,12211
5883,1075,13096
5884,1144,13740
5885,1193,13809
5886,1183,13787
5887,1187,13949
5888,1207,14306
5889,1232,14537
5890,1271,15130
5891,1219,14952
5892,1268,15653
5893,1275,15865
5894,1355,16221
5895,1365,16287
5896,1397,16851
5897,1391,17301
5898,1420,17425
5899,1430,17474
5900,1426,17447
5901,1421,17169
5902,1447,17048
5903,1454,17248
5904,1487,17663
5905,1489,17407
5906,1480,17116
5907,1456,16744
5908,1417,16552
5909,1378,15968
5910,1388,16294
5911,1357,16545
5912,1351,16292
5913,1315,15956
5914,1261,15638
5915,1274,15708
5916,1247,15669
5917,1249,15941
5918,1271,16393
5919,1272,16454
5920,1243,16307
5921,1267,16697
5922,1275,16859
5923,1243,16881
5924,1281,17511
5925,1288,18220
5926,1326,18187
5927,1340,18642
5928,1366,18939
5929,1364,19085
5930,1412,19433
5931,1442,19972
5932,1512,21102
5933,1529,21459
5934,1554,21193
5935,1607,21549
5936,1616,20890
5937,1682,21700
5938,1751,22736
5939,1847,24021
5940,1939,25519
5941,2066,26518
5942,2122,26544
5943,2162,26355
5944,2256,27527
5945,2420,28998
5946,2560,30742
5947,2645,30651
5948,2821,31910
5949,2929,32548
5950,3098,33742
5951,3145,33997
5952,3264,35352
5953,3363,36715
5954,3496,36944
5955,3626,37450
5956,3672,37645
5957,3789,38083
5958,3854,37662
5959,3871,38111
5960,3916,39195
5961,3947,38782
5962,3953,38669
5963,3960,37978
5964,4076,38167
5965,4066,37297
5966,4077,37627
5967,4032,37638
5968,3961,36931
5969,1299,7805
5970,1792,10887
5971,2174,12393
5972,2456,14055
5973,3087,15892
5974,3487,18155
5975,3937,20906
5976,4513,22995
5977,4928,25723
5978,5500,30456
5979,5811,32180
5980,7079,36159
5981,9978,43849
5982,10276,45359
5983,12445,51323
5984,12693,53167
5985,13293,55563
5986,13597,55294
5987,13605,56211
5988,14047,59610
5989,14639,59930
5990,15136,59496
5991,14910,58892
5992,14764,57799
5993,14385,56497
5994,14463,56721
5995,14945,59779
5996,15016,59207
5997,14737,59214
5998,14623,57370
5999,14411,57340
6000,14093,56161
6001,13812,56183
6002,13562,56034
6003,13550,56009
6004,13246,54905
6005,12861,54897
6006,12904,54008
6007,12724,52623
6008,12701,52375
6009,12620,53164
6010,12480,52609
6011,12135,51445
6012,11786,49770
6013,11504,48581
6014,11382,46735
6015,11153,46550
6016,11241,47343
6017,10991,46921
6018,10655,45923
6019,10476,44553
6020,10276,43515
6021,9945,42019
6022,9748,41940
6023,9598,42023
6024,9522,41856
6025,9092,41359
6026,9042,40008
6027,8739,38625
6028,8491,37742
6029,8467,37703
6030,8580,37751
6031,8552,38300
6032,8392,38000
6033,8170,36942
6034,7960,35759
6035,7625,34925
6036,7592,34325
6037,7410,33956
6038,7229,33227
6039,7044,32802
6040,6921,32502
6041,6762,31994
6042,6501,31490
6043,6398,31105
6044,6453,31179
6045,6256,30961
6046,6075,29850
6047,6009,29306
6048,5883,28578
6049,5749,28020
6050,5700,28034
6051,5570,28370
6052,5608,28647
6053,5472,28538
6054,5337,28693
6055,5229,28084
6056,5195,28325
6057,5325,28963
6058,5392,30355
6059,5292,31270
6060,5319,31922
6061,5290,31850
6062,5314,32566
6063,5252,32575
6064,5389,33742
6065,5426,35337
6066,5492,36526
6067,5636,37646
6068,5597,37927
6069,5633,38281
6070,5653,38872
6071,5678,39960
6072,5838,41949
6073,5872,43207
6074,5843,44051
6075,5899,51724
6076,5939,51982
6077,5930,52860
6078,6063,54118
6079,6238,55678
6080,6328,56340
6081,6349,57602
6082,6451,57871
6083,6397,57822
6084,6384,58052
6085,6551,58518
6086,6717,59476
6087,10460,59758
6088,10423,59860
6089,10389,59800
6090,10380,59382
6091,10353,58731
6092,10328,58987
6093,10463,57185
6094,10535,57422
6095,10519,56571
6096,10473,55721
6097,10450,54554
6098,10415,54106
6099,10233,53517
6100,10207,53436
6101,9988,53435
6102,9996,53219
6103,9698,51327
6104,9662,50071
6105,9307,48997
6106,9209,48751
6107,9135,48600
6108,9564,48067
6109,9480,47303
6110,9277,45868
6111,9087,44922
6112,8958,44155
6113,8881,43614
6114,8859,43840
6115,8747,43406
6116,8486,42109
6117,8358,41049
6118,8207,40017
6119,7949,39064
6120,7854,38806
6121,7854,38831
6122,7742,38515
6123,7712,37498
6124,7564,37356
6125,7413,36516
6126,7268,35801
6127,7047,35453
6128,7084,35338
6129,7091,35660
6130,6923,34753
6131,6922,34177
6132,6766,33626
6133,6700,32497
6134,6630,32116
6135,6543,32339
6136,6659,32653
6137,6522,32521
6138,6376,31530
6139,6451,30758
6140,6233,29921
6141,6249,30071
6142,6308,30427
6143,6303,30345
6144,6285,30035
6145,6175,29651
6146,6163,29185
6147,6100,28724
6148,6138,28849
6149,6188,29645
6150,6200,30015
6151,6274,30159
6152,6220,29888
6153,6143,29670
6154,6170,29579
6155,6048,29696
6156,6172,30601
6157,6241,31021
6158,6262,30942
6159,6195,30880
6160,6073,30209
6161,6056,30063
6162,6292,31426
6163,6490,32726
6164,6591,33565
6165,6694,34446
6166,6775,34974
6167,6752,34700
6168,6749,34609
6169,6860,35148
6170,7104,36171
6171,7236,37184
6172,7303,37423
6173,7333,37479
6174,7466,37474
6175,7383,36536
6176,8063,37976
6177,8206,39391
6178,8291,40397
6179,8180,41114
6180,8342,41614
6181,8675,42087
6182,8590,41883
6183,8946,42988
6184,8985,44391
6185,9133,45214
6186,9320,46191
6187,9550,46880
6188,9613,47486
6189,9665,47615
6190,9957,48750
6191,10538,50509
6192,10892,52166
6193,11050,53380
6194,11213,55005
6195,11215,56037
6196,11223,56942
6197,11636,59342
6198,12057,62119
6199,12626,65549
6200,12917,67236
6201,13280,68585
6202,13491,69588
6203,13849,70202
6204,14471,73320
6205,15009,77047
6206,15557,79478
6207,15759,80669
6208,16146,82318
6209,16264,83346
6210,16411,83882
6211,17060,85945
6212,17317,88132
6213,17738,90043
6214,18019,90564
6215,18056,89913
6216,18249,91762
6217,18437,93357
6218,18807,96134
6219,19292,98736
6220,19687,100327
6221,19714,100746
6222,19853,101309
6223,19947,101192
6224,20145,101501
6225,20097,102122
6226,20475,104637
6227,20903,106671
6228,21024,107300
6229,21012,108101
6230,21198,108461
6231,21230,109298
6232,21458,110573
6233,21897,112816
6234,21943,113257
6235,21912,114492
6236,21745,113955
6237,21692,113914
6238,21763,113601
6239,21884,115358
6240,22213,117777
6241,22489,119463
6242,22623,120200
6243,22418,118948
6244,22373,117344
6245,22447,118720
6246,22579,121202
6247,22838,124686
6248,23069,125220
6249,23097,125423
6250,23255,125047
6251,23133,123614
6252,23243,125562
6253,23435,128210
6254,23509,131195
6255,23708,132474
6256,23821,132370
6257,23912,131921
6258,23718,130781
6259,23640,129223
6260,23501,129793
6261,23881,131326
6262,23857,130391
6263,23891,128947
6264,23593,127235
6265,23524,126139
6266,23432,124387
6267,23226,123848
6268,23029,123820
6269,22809,122700
6270,22309,119949
6271,22008,116264
6272,21657,113609
6273,21168,110628
6274,20875,109936
6275,20573,108960
6276,20497,107444
6277,20113,104303
